feedback_id,timesheet_id,employee_name,department_name,channel,rating,submitted_date,resolved
13,28,Ali Makinen,Systemutveckling,App,3.0,2026-04-20,Yes
14,29,Anna Korhonen,Systemutveckling,App,4.0,2026-06-25,No
15,31,Ali Eriksson,Systemutveckling,Webb,3.0,2026-06-07,No
16,33,Nora Nielsen,Systemutveckling,App,3.0,2026-05-13,No
49,93,Omar Lindqvist,Systemutveckling,App,1.0,2026-05-07,No
50,94,Ingrid Svensson,Systemutveckling,Butik,3.0,2026-03-16,No
51,96,Anna Karlsson,Systemutveckling,Telefon,1.0,2026-05-02,No
53,100,Lena Svensson,Systemutveckling,App,3.0,2026-03-06,No
54,101,Karl Persson,Systemutveckling,Okänd,4.0,2026-05-06,Yes
55,102,Juha Backman,Systemutveckling,Butik,,2026-04-27,Yes
56,104,Nils Novak,Systemutveckling,Webb,,2026-06-04,No
71,133,Lena Berg,Systemutveckling,App,,2026-04-01,Yes
72,139,Lars Karlsson,Systemutveckling,Webb,,2026-04-06,No
73,140,Ali Makinen,Systemutveckling,Butik,5.0,2026-04-14,Yes
78,152,Karl Virtanen,Systemutveckling,Telefon,5.0,2026-04-05,Yes
79,154,Erik Muller,Systemutveckling,Telefon,1.0,2026-06-03,No
87,170,Ali Gustafsson,Systemutveckling,Butik,5.0,2026-04-15,No
102,194,Erik Schmidt,Systemutveckling,Webb,3.0,2026-05-28,No
103,195,Hans Haddad,Systemutveckling,Butik,,2026-03-11,Yes
104,196,Alva Gustafsson,Systemutveckling,Telefon,3.0,2026-03-25,Yes
105,200,Anna Karlsson,Systemutveckling,Butik,1.0,2026-05-23,Yes
106,201,Omar Nilsson,Systemutveckling,Butik,3.0,2026-05-15,Yes
107,202,Tuva Vries,Systemutveckling,Butik,1.0,2026-06-28,No
108,203,Anna Virtanen,Systemutveckling,Telefon,4.0,2026-05-24,Yes
118,217,Ingrid Andersson,Systemutveckling,Telefon,,2026-06-21,Yes
119,218,Ove Haugen,Systemutveckling,Webb,5.0,2026-05-02,Yes
120,219,Maria Jensen,Systemutveckling,Telefon,5.0,2026-06-09,No
121,221,Anton Olsson,Systemutveckling,Okänd,5.0,2026-04-28,Yes
122,223,Omar Johansson,Systemutveckling,Webb,3.0,2026-03-20,Yes
125,229,Signe Schmidt,Systemutveckling,Webb,4.0,2026-06-10,Yes
126,230,Anton Olsson,Systemutveckling,App,1.0,2026-03-23,Yes
132,237,Lena Svensson,Systemutveckling,Webb,4.0,2026-06-12,No
133,238,Moa Svensson,Systemutveckling,Webb,3.0,2026-06-28,Yes
134,240,Sofia Korhonen,Systemutveckling,Webb,3.0,2026-04-12,No
140,249,Sofia Persson,Systemutveckling,Telefon,4.0,2026-05-28,Yes
141,250,Lena Makinen,Systemutveckling,Telefon,4.0,2026-03-01,No
142,252,Ida Svensson,Systemutveckling,Telefon,5.0,2026-06-14,No
149,267,Anton Johansson,Systemutveckling,Telefon,5.0,2026-04-24,No
150,268,Juha Backman,Systemutveckling,Butik,4.0,2026-03-29,Yes
151,269,Anton Johansson,Systemutveckling,Webb,3.0,2026-03-09,No
183,324,Lars Karlsson,Systemutveckling,Butik,2.0,2026-05-05,No
184,327,Karl Gustafsson,Systemutveckling,Okänd,1.0,2026-04-17,No
185,328,Erik Schmidt,Systemutveckling,App,,2026-04-30,No
209,369,Omar Berg,Systemutveckling,Telefon,5.0,2026-06-11,Yes
213,379,Ali Makinen,Systemutveckling,Butik,4.0,2026-03-17,Yes
214,380,Moa Kowalski,Systemutveckling,App,2.0,2026-04-11,Yes
235,422,Ove Haugen,Systemutveckling,Butik,3.0,2026-03-30,Yes
236,423,Lena Haddad,Systemutveckling,Telefon,4.0,2026-04-23,No
237,424,Moa Svensson,Systemutveckling,App,,2026-04-18,No
250,445,Anton Korhonen,Systemutveckling,App,5.0,2026-03-09,Yes
268,470,Anna Jensen,Systemutveckling,App,5.0,2026-06-22,No
269,472,Lena Svensson,Systemutveckling,Butik,,2026-03-03,No
290,510,Karl Virtanen,Systemutveckling,Butik,2.0,2026-03-28,No
291,513,Jasmin Haddad,Systemutveckling,Okänd,4.0,2026-04-30,No
297,525,Ida Andersson,Systemutveckling,Butik,,2026-06-16,No
298,526,Erik Lindqvist,Systemutveckling,Butik,2.0,2026-05-17,Yes
299,527,Hans Dahl,Systemutveckling,App,5.0,2026-04-16,Yes
300,528,Signe Svensson,Systemutveckling,Webb,3.0,2026-03-12,Yes
304,536,Moa Svensson,Systemutveckling,Webb,,2026-04-25,Yes
305,539,Karl Gustafsson,Systemutveckling,Telefon,5.0,2026-05-22,No
306,543,Lars Karlsson,Systemutveckling,Telefon,2.0,2026-06-03,Yes
307,544,Jasmin Haddad,Systemutveckling,Webb,1.0,2026-03-21,Yes
308,545,Johan Korhonen,Systemutveckling,App,5.0,2026-05-02,No
314,572,Signe Schmidt,Systemutveckling,App,5.0,2026-06-09,Yes
315,573,Oskar Schmidt,Systemutveckling,Butik,3.0,2026-05-06,No
316,574,Juha Gustafsson,Systemutveckling,App,5.0,2026-04-12,Yes
329,603,Erik Lindqvist,Systemutveckling,App,3.0,2026-05-07,Yes
330,605,Sara Jensen,Systemutveckling,App,4.0,2026-06-26,No
331,606,Sofia Haddad,Systemutveckling,Webb,4.0,2026-06-17,Yes
332,607,Elin Schmidt,Systemutveckling,Okänd,4.0,2026-06-04,Yes
333,608,Signe Vries,Systemutveckling,Webb,3.0,2026-04-09,Yes
335,611,Moa Haugen,Systemutveckling,Webb,5.0,2026-05-26,Yes
1,2,Signe Svensson,Systemutveckling,Butik,4.0,2026-04-17,Yes
5,15,Amina Larsson,Systemutveckling,Butik,4.0,2026-04-11,Yes
6,16,Viktor Andersson,Systemutveckling,App,2.0,2026-03-22,No
7,17,Sara Jensen,Systemutveckling,Butik,5.0,2026-04-15,No
8,19,Oskar Schmidt,Systemutveckling,Butik,1.0,2026-06-27,Yes
9,20,Maria Virtanen,Systemutveckling,Webb,3.0,2026-03-08,Yes
33,70,Mette Eriksson,Systemutveckling,Webb,3.0,2026-05-06,Yes
34,71,Oskar Schmidt,Systemutveckling,Okänd,4.0,2026-06-12,Yes
35,73,Moa Kowalski,Systemutveckling,Webb,4.0,2026-06-03,No
36,74,Lena Haddad,Systemutveckling,Butik,4.0,2026-03-20,No
43,85,Ida Andersson,Systemutveckling,Telefon,3.0,2026-06-19,No
44,86,Juha Rossi,Systemutveckling,Webb,4.0,2026-06-09,No
57,105,Mette Svensson,Systemutveckling,App,3.0,2026-04-09,Yes
58,106,Lena Haddad,Systemutveckling,Webb,1.0,2026-05-31,Yes
59,107,Anna Lund,Systemutveckling,Webb,4.0,2026-03-20,No
60,109,Hans Larsson,Systemutveckling,Webb,2.0,2026-04-19,No
65,124,Omar Berg,Systemutveckling,Butik,1.0,2026-06-14,Yes
66,125,Erik Schmidt,Systemutveckling,App,3.0,2026-05-20,No
67,127,Signe Svensson,Systemutveckling,App,3.0,2026-04-30,Yes
74,142,Oskar Haugen,Systemutveckling,Webb,4.0,2026-03-30,Yes
76,148,Viktor Andersson,Systemutveckling,Webb,5.0,2026-03-11,No
77,149,Vera Kowalski,Systemutveckling,App,4.0,2026-05-05,Yes
82,161,Moa Svensson,Systemutveckling,App,2.0,2026-05-23,Yes
83,162,Hans Larsson,Systemutveckling,Butik,4.0,2026-05-31,No
88,173,Johan Gustafsson,Systemutveckling,Butik,3.0,2026-06-01,No
89,174,Karl Virtanen,Systemutveckling,Webb,3.0,2026-03-24,Yes
90,175,Johan Gustafsson,Systemutveckling,App,4.0,2026-04-30,Yes
109,205,Oskar Haugen,Systemutveckling,App,4.0,2026-03-07,No
110,207,Karl Persson,Systemutveckling,App,4.0,2026-04-16,No
116,214,Erik Lindqvist,Systemutveckling,Butik,4.0,2026-04-23,No
117,216,Hans Haddad,Systemutveckling,App,3.0,2026-03-03,No
127,231,Oskar Schmidt,Systemutveckling,Telefon,3.0,2026-05-30,Yes
128,232,Hans Ahmed,Systemutveckling,Telefon,5.0,2026-04-12,No
129,233,Hans Haddad,Systemutveckling,App,4.0,2026-04-17,Yes
135,241,Sofia Korhonen,Systemutveckling,App,3.0,2026-05-06,Yes
136,242,Lena Makinen,Systemutveckling,Webb,4.0,2026-04-23,No
137,243,Johan Korhonen,Systemutveckling,Webb,5.0,2026-05-17,Yes
138,246,Erik Persson,Systemutveckling,App,4.0,2026-05-14,No
139,248,Anna Berg,Systemutveckling,Telefon,5.0,2026-04-13,No
161,292,Lena Svensson,Systemutveckling,App,5.0,2026-05-30,No
162,294,Ali Gustafsson,Systemutveckling,Webb,5.0,2026-06-17,No
165,297,Anna Lund,Systemutveckling,Telefon,4.0,2026-03-05,Yes
166,298,Juha Rossi,Systemutveckling,App,5.0,2026-03-08,No
167,299,Omar Johansson,Systemutveckling,Webb,3.0,2026-04-27,No
168,300,Amina Dahl,Systemutveckling,App,,2026-04-12,Yes
177,315,Anna Jensen,Systemutveckling,Webb,3.0,2026-03-24,Yes
178,316,Hans Dahl,Systemutveckling,Webb,4.0,2026-03-30,Yes
179,318,Signe Lund,Systemutveckling,Webb,,2026-05-06,Yes
191,342,Lars Karlsson,Systemutveckling,Webb,4.0,2026-03-03,No
192,343,Johan Korhonen,Systemutveckling,Telefon,4.0,2026-06-13,No
193,344,Lena Svensson,Systemutveckling,Webb,4.0,2026-03-14,No
204,361,Anton Olsson,Systemutveckling,Butik,3.0,2026-05-29,Yes
205,362,Anna Korhonen,Systemutveckling,Webb,5.0,2026-06-08,Yes
206,365,Johan Korhonen,Systemutveckling,Webb,,2026-03-23,No
230,412,Ingrid Svensson,Systemutveckling,App,2.0,2026-03-10,No
231,413,Maria Jensen,Systemutveckling,Butik,5.0,2026-06-16,Yes
320,583,Omar Lindqvist,Systemutveckling,Butik,,2026-06-18,No
321,584,Viktor Andersson,Systemutveckling,Webb,5.0,2026-04-08,No
322,587,Anton Olsson,Systemutveckling,Telefon,,2026-05-14,No
323,590,Erik Muller,Systemutveckling,Webb,2.0,2026-04-15,Yes
334,609,Hans Gustafsson,Systemutveckling,App,4.0,2026-05-09,Yes
23,48,Amina Lindqvist,Dataanalys,App,1.0,2026-03-01,No
24,49,Emma Larsson,Dataanalys,Webb,4.0,2026-05-07,Yes
25,50,Oskar Haugen,Dataanalys,App,5.0,2026-04-09,Yes
26,52,Amina Dahl,Dataanalys,Butik,3.0,2026-04-11,No
32,68,Lena Haddad,Dataanalys,App,5.0,2026-05-23,Yes
37,76,Erik Persson,Dataanalys,Webb,4.0,2026-05-31,No
38,78,Omar Johansson,Dataanalys,Butik,5.0,2026-03-25,Yes
45,87,Ove Haugen,Dataanalys,Telefon,5.0,2026-05-21,Yes
46,88,Johan Jensen,Dataanalys,Telefon,4.0,2026-06-19,No
47,90,Anna Lund,Dataanalys,Okänd,5.0,2026-06-19,Yes
48,92,Anna Korhonen,Dataanalys,Butik,5.0,2026-04-25,Yes
61,113,Ali Makinen,Dataanalys,App,3.0,2026-05-31,Yes
80,155,Elin Schmidt,Dataanalys,Telefon,2.0,2026-03-24,Yes
84,165,Ida Svensson,Dataanalys,Telefon,4.0,2026-04-05,No
85,167,Signe Haugen,Dataanalys,App,5.0,2026-05-11,No
86,168,Nils Novak,Dataanalys,App,5.0,2026-05-01,Yes
146,258,Erik Persson,Dataanalys,App,5.0,2026-03-18,Yes
147,259,Moa Haugen,Dataanalys,Webb,2.0,2026-05-06,No
148,262,Vera Johansson,Dataanalys,Telefon,4.0,2026-03-13,Yes
152,270,Ingrid Andersson,Dataanalys,Okänd,5.0,2026-06-29,Yes
154,273,Ove Haugen,Dataanalys,App,1.0,2026-04-25,Yes
155,274,Omar Johansson,Dataanalys,Telefon,3.0,2026-03-18,Yes
156,275,Nils Novak,Dataanalys,App,4.0,2026-05-20,Yes
157,276,Oskar Schmidt,Dataanalys,App,3.0,2026-05-15,No
158,277,Sofia Korhonen,Dataanalys,App,,2026-04-19,Yes
163,295,Signe Schmidt,Dataanalys,Telefon,5.0,2026-06-28,Yes
164,296,Henrik Lindqvist,Dataanalys,Webb,1.0,2026-05-30,Yes
174,310,Karl Gustafsson,Dataanalys,Webb,5.0,2026-05-19,Yes
175,311,Karl Virtanen,Dataanalys,App,5.0,2026-03-01,Yes
176,312,Moa Haugen,Dataanalys,Butik,4.0,2026-05-15,No
186,329,Sofia Haddad,Dataanalys,Butik,4.0,2026-06-18,No
187,333,Karl Persson,Dataanalys,Butik,4.0,2026-05-02,Yes
216,385,Omar Nilsson,Dataanalys,Telefon,2.0,2026-06-08,No
217,386,Nora Nielsen,Dataanalys,Webb,5.0,2026-05-14,No
218,387,Sofia Persson,Dataanalys,Telefon,4.0,2026-04-01,Yes
219,388,Ali Eriksson,Dataanalys,Telefon,,2026-05-27,No
228,409,Maria Jensen,Dataanalys,Webb,5.0,2026-06-09,No
229,411,Anton Johansson,Dataanalys,Webb,5.0,2026-03-07,Yes
240,428,Filip Lindqvist,Dataanalys,Telefon,4.0,2026-06-29,Yes
241,429,Erik Muller,Dataanalys,App,2.0,2026-05-14,Yes
262,463,Maria Virtanen,Dataanalys,Webb,4.0,2026-06-27,Yes
263,464,Oskar Schmidt,Dataanalys,Webb,,2026-06-13,No
264,465,Johan Korhonen,Dataanalys,Butik,2.0,2026-03-14,Yes
265,466,Filip Berg,Dataanalys,Butik,5.0,2026-04-13,No
266,467,Vera Johansson,Dataanalys,Webb,1.0,2026-05-02,No
272,478,Juha Rossi,Dataanalys,Butik,1.0,2026-03-09,Yes
273,479,Omar Berg,Dataanalys,App,1.0,2026-05-18,No
274,482,Maria Jensen,Dataanalys,App,1.0,2026-05-13,Yes
275,483,Juha Rossi,Dataanalys,App,2.0,2026-05-07,Yes
276,484,Omar Rossi,Dataanalys,Webb,3.0,2026-06-14,Yes
277,485,Lena Makinen,Dataanalys,Butik,4.0,2026-03-25,Yes
278,486,Oskar Haugen,Dataanalys,Webb,5.0,2026-04-14,No
279,490,Vera Johansson,Dataanalys,Webb,5.0,2026-03-03,No
280,492,Vera Kowalski,Dataanalys,Telefon,3.0,2026-04-18,No
301,530,Juha Backman,Dataanalys,Butik,1.0,2026-03-31,Yes
302,531,Lena Haddad,Dataanalys,Telefon,5.0,2026-03-19,Yes
303,533,Maria Jensen,Dataanalys,Butik,1.0,2026-05-14,Yes
4,11,Karl Virtanen,Dataanalys,App,3.0,2026-05-19,No
12,25,Anna Virtanen,Dataanalys,Telefon,4.0,2026-05-24,Yes
17,36,Moa Svensson,Dataanalys,App,4.0,2026-04-03,No
18,38,Moa Svensson,Dataanalys,App,,2026-06-02,No
19,41,Erik Persson,Dataanalys,Telefon,5.0,2026-03-16,Yes
20,43,Omar Berg,Dataanalys,Butik,5.0,2026-06-05,Yes
21,44,Lena Svensson,Dataanalys,Butik,4.0,2026-03-07,Yes
22,45,Hans Dahl,Dataanalys,Butik,2.0,2026-04-30,Yes
52,97,Ida Andersson,Dataanalys,Webb,,2026-05-01,No
68,129,Anton Olsson,Dataanalys,Telefon,4.0,2026-03-22,Yes
69,130,Anna Lund,Dataanalys,Butik,5.0,2026-04-05,Yes
70,131,Hans Larsson,Dataanalys,Telefon,5.0,2026-04-30,Yes
81,158,Anton Schmidt,Dataanalys,Webb,3.0,2026-06-25,Yes
91,176,Hans Gustafsson,Dataanalys,Webb,5.0,2026-03-24,Yes
98,187,Lena Makinen,Dataanalys,App,5.0,2026-03-23,Yes
99,188,Juha Rossi,Dataanalys,App,4.0,2026-05-10,Yes
100,190,Lena Makinen,Dataanalys,Butik,2.0,2026-04-16,No
101,192,Erik Persson,Dataanalys,Webb,4.0,2026-03-09,Yes
130,235,Ali Gustafsson,Dataanalys,Butik,,2026-04-06,Yes
131,236,Johan Korhonen,Dataanalys,Butik,3.0,2026-04-02,Yes
143,255,Ingrid Svensson,Dataanalys,Butik,3.0,2026-06-02,No
144,256,Omar Berg,Dataanalys,App,5.0,2026-03-21,No
145,257,Mette Svensson,Dataanalys,App,5.0,2026-06-21,No
159,282,Anna Virtanen,Dataanalys,Telefon,5.0,2026-04-08,Yes
160,287,Ida Andersson,Dataanalys,Butik,4.0,2026-03-16,No
169,301,Elin Schmidt,Dataanalys,Webb,5.0,2026-04-29,No
170,302,Ali Eriksson,Dataanalys,Telefon,5.0,2026-06-22,No
171,303,Juha Gustafsson,Dataanalys,App,4.0,2026-03-27,Yes
172,306,Anna Andersson,Dataanalys,Webb,1.0,2026-03-30,No
180,320,Moa Kowalski,Dataanalys,App,5.0,2026-04-06,Yes
181,322,Lars Karlsson,Dataanalys,App,2.0,2026-04-13,Yes
182,323,Anna Virtanen,Dataanalys,Telefon,4.0,2026-06-02,Yes
188,335,Karl Persson,Dataanalys,Butik,5.0,2026-04-10,Yes
189,338,Hans Gustafsson,Dataanalys,Butik,5.0,2026-06-05,No
190,339,Hans Larsson,Dataanalys,Webb,5.0,2026-03-05,Yes
195,348,Sofia Haddad,Dataanalys,Butik,2.0,2026-03-06,No
196,352,Ida Andersson,Dataanalys,Butik,5.0,2026-05-10,No
197,354,Nora Nielsen,Dataanalys,App,5.0,2026-04-10,No
198,355,Johan Gustafsson,Dataanalys,Butik,3.0,2026-04-09,No
220,389,Karl Gustafsson,Dataanalys,Webb,5.0,2026-03-17,No
221,390,Erik Schmidt,Dataanalys,Telefon,,2026-03-28,No
222,392,Samir Haugen,Dataanalys,Butik,2.0,2026-03-25,Yes
223,393,Oskar Haugen,Dataanalys,Telefon,5.0,2026-05-07,No
225,396,Amina Larsson,Dataanalys,Butik,2.0,2026-05-16,Yes
232,417,Mette Svensson,Dataanalys,Webb,1.0,2026-05-04,Yes
233,418,Emma Larsson,Dataanalys,Telefon,2.0,2026-06-06,Yes
234,419,Sara Jensen,Dataanalys,App,4.0,2026-05-26,Yes
245,438,Ingrid Svensson,Dataanalys,Webb,3.0,2026-03-20,No
246,439,Oskar Haugen,Dataanalys,App,5.0,2026-05-05,No
247,440,Signe Haugen,Dataanalys,Butik,5.0,2026-05-07,No
248,442,Omar Nilsson,Dataanalys,Butik,3.0,2026-06-26,No
249,443,Mette Svensson,Dataanalys,Telefon,5.0,2026-06-16,Yes
253,449,Sara Gustafsson,Dataanalys,Webb,,2026-03-27,Yes
254,450,Amina Dahl,Dataanalys,Webb,5.0,2026-06-18,No
255,451,Anton Johansson,Dataanalys,App,,2026-05-20,No
256,454,Anton Johansson,Dataanalys,Butik,2.0,2026-06-03,No
257,455,Filip Lindqvist,Dataanalys,App,1.0,2026-04-02,No
259,459,Amina Lindqvist,Dataanalys,App,3.0,2026-06-16,No
260,460,Moa Svensson,Dataanalys,Webb,5.0,2026-05-19,No
261,461,Oskar Haugen,Dataanalys,App,1.0,2026-05-28,No
267,469,Johan Korhonen,Dataanalys,Webb,5.0,2026-03-24,Yes
281,494,Ida Andersson,Dataanalys,Telefon,4.0,2026-03-17,Yes
282,495,Amina Dahl,Dataanalys,Butik,,2026-04-02,Yes
283,496,Erik Muller,Dataanalys,Telefon,,2026-06-01,No
284,499,Ingrid Andersson,Dataanalys,Okänd,4.0,2026-04-06,Yes
285,500,Lena Berg,Dataanalys,Telefon,4.0,2026-04-21,Yes
286,501,Ida Svensson,Dataanalys,App,5.0,2026-03-08,Yes
287,504,Karl Virtanen,Dataanalys,Webb,2.0,2026-05-22,No
288,505,Johan Gustafsson,Dataanalys,App,5.0,2026-04-23,Yes
289,506,Amina Dahl,Dataanalys,Butik,4.0,2026-05-12,Yes
292,515,Ingrid Haddad,Dataanalys,Butik,4.0,2026-04-20,Yes
293,516,Omar Berg,Dataanalys,Webb,1.0,2026-06-28,Yes
311,566,Vera Johansson,Dataanalys,Telefon,4.0,2026-04-01,No
312,569,Lena Makinen,Dataanalys,App,4.0,2026-04-04,Yes
313,571,Lena Berg,Dataanalys,Butik,4.0,2026-04-06,No
327,599,Karl Virtanen,Dataanalys,App,3.0,2026-06-28,Yes
328,600,Moa Kowalski,Dataanalys,Butik,3.0,2026-03-07,Yes
337,615,Vera Kowalski,Dataanalys,Telefon,5.0,2026-05-26,No
2,3,Erik Persson,Infrastruktur,Butik,5.0,2026-05-21,No
3,8,Anna Karlsson,Infrastruktur,Butik,4.0,2026-06-26,No
10,21,Signe Haugen,Infrastruktur,Butik,1.0,2026-06-14,No
11,24,Lena Makinen,Infrastruktur,App,5.0,2026-05-19,No
27,59,Signe Vries,Infrastruktur,Webb,3.0,2026-04-29,Yes
28,60,Vera Kowalski,Infrastruktur,App,5.0,2026-04-16,No
29,61,Lars Karlsson,Infrastruktur,Telefon,3.0,2026-05-15,Yes
30,62,Anna Berg,Infrastruktur,Webb,5.0,2026-04-07,Yes
31,63,Signe Svensson,Infrastruktur,Telefon,4.0,2026-04-09,Yes
39,79,Viktor Rossi,Infrastruktur,Webb,5.0,2026-03-15,Yes
40,80,Viktor Rossi,Infrastruktur,Webb,,2026-06-02,Yes
41,81,Ove Haugen,Infrastruktur,App,4.0,2026-06-19,No
42,82,Omar Nilsson,Infrastruktur,Webb,5.0,2026-05-27,Yes
62,114,Hans Haddad,Infrastruktur,App,5.0,2026-04-06,No
63,116,Lena Berg,Infrastruktur,Butik,,2026-04-30,No
64,122,Anna Andersson,Infrastruktur,Butik,5.0,2026-05-26,No
75,147,Juha Gustafsson,Infrastruktur,Webb,4.0,2026-04-07,No
92,181,Amina Dahl,Infrastruktur,Telefon,3.0,2026-05-02,Yes
93,182,Karl Gustafsson,Infrastruktur,Telefon,1.0,2026-06-08,Yes
94,183,Signe Svensson,Infrastruktur,Webb,3.0,2026-03-13,No
95,184,Lena Berg,Infrastruktur,Telefon,5.0,2026-05-09,No
96,185,Juha Rossi,Infrastruktur,Telefon,4.0,2026-05-12,No
97,186,Omar Nilsson,Infrastruktur,App,4.0,2026-05-19,No
111,208,Erik Persson,Infrastruktur,Webb,,2026-03-26,No
112,209,Ingrid Andersson,Infrastruktur,Webb,,2026-03-28,Yes
113,210,Lena Makinen,Infrastruktur,Telefon,5.0,2026-03-19,Yes
114,211,Tuva Vries,Infrastruktur,Webb,5.0,2026-03-27,Yes
115,212,Filip Berg,Infrastruktur,Webb,4.0,2026-06-11,No
123,224,Viktor Andersson,Infrastruktur,Okänd,4.0,2026-05-25,No
124,225,Viktor Muller,Infrastruktur,Butik,5.0,2026-06-09,Yes
153,272,Signe Lund,Infrastruktur,Telefon,4.0,2026-03-29,No
173,307,Viktor Rossi,Infrastruktur,App,4.0,2026-03-11,Yes
194,347,Filip Lindqvist,Infrastruktur,Butik,5.0,2026-05-02,Yes
199,356,Erik Lindqvist,Infrastruktur,Telefon,3.0,2026-05-11,No
200,357,Ingrid Andersson,Infrastruktur,Butik,5.0,2026-03-23,Yes
201,358,Mette Svensson,Infrastruktur,Webb,5.0,2026-06-26,No
202,359,Moa Kowalski,Infrastruktur,Butik,4.0,2026-04-15,Yes
203,360,Sara Jensen,Infrastruktur,App,3.0,2026-05-25,No
207,366,Anna Berg,Infrastruktur,Webb,4.0,2026-04-05,Yes
208,367,Anna Berg,Infrastruktur,Webb,5.0,2026-06-13,Yes
210,371,Viktor Andersson,Infrastruktur,Webb,,2026-03-16,Yes
211,373,Ali Eriksson,Infrastruktur,Telefon,3.0,2026-05-16,Yes
212,374,Emma Larsson,Infrastruktur,App,4.0,2026-06-21,Yes
215,383,Hans Haddad,Infrastruktur,Butik,4.0,2026-03-26,No
224,394,Anton Schmidt,Infrastruktur,Webb,2.0,2026-04-18,Yes
226,403,Juha Gustafsson,Infrastruktur,Okänd,3.0,2026-03-06,No
227,405,Maria Jensen,Infrastruktur,Butik,5.0,2026-05-13,Yes
238,426,Juha Backman,Infrastruktur,Telefon,4.0,2026-04-05,No
239,427,Viktor Muller,Infrastruktur,Telefon,3.0,2026-05-05,Yes
242,432,Sofia Persson,Infrastruktur,Butik,3.0,2026-04-13,No
243,434,Signe Nielsen,Infrastruktur,Webb,3.0,2026-05-24,No
244,435,Elin Schmidt,Infrastruktur,Telefon,3.0,2026-03-02,Yes
251,446,Filip Berg,Infrastruktur,App,3.0,2026-04-13,No
252,447,Oskar Haugen,Infrastruktur,Telefon,3.0,2026-03-24,Yes
258,457,Karl Virtanen,Infrastruktur,Webb,4.0,2026-06-22,No
270,474,Hans Gustafsson,Infrastruktur,Butik,2.0,2026-04-02,No
271,475,Johan Gustafsson,Infrastruktur,Telefon,5.0,2026-03-30,No
294,519,Lars Karlsson,Infrastruktur,Okänd,,2026-06-04,No
295,520,Sofia Persson,Infrastruktur,Webb,2.0,2026-04-24,Yes
296,524,Maria Jensen,Infrastruktur,Webb,3.0,2026-03-17,No
309,550,Anton Johansson,Infrastruktur,Telefon,4.0,2026-06-02,Yes
310,559,Maria Jensen,Infrastruktur,App,1.0,2026-06-05,Yes
317,578,Emma Larsson,Infrastruktur,Webb,5.0,2026-03-11,No
318,580,Viktor Andersson,Infrastruktur,App,5.0,2026-05-30,No
319,581,Vera Kowalski,Infrastruktur,Webb,4.0,2026-05-11,No
324,593,Oskar Haugen,Infrastruktur,Butik,3.0,2026-03-11,Yes
325,595,Sofia Korhonen,Infrastruktur,Telefon,4.0,2026-05-09,No
326,598,Johan Korhonen,Infrastruktur,App,4.0,2026-03-20,Yes
336,613,Hans Dahl,Infrastruktur,App,,2026-04-06,Yes
