secondment_id,department_name,status,start_date,extension_days
4,Systemutveckling,Completed,2026-03-02,0.0
6,Systemutveckling,Extended,2026-03-02,15.0
10,Systemutveckling,Extended,2026-03-04,75.0
16,Systemutveckling,Extended,2026-03-08,55.0
26,Systemutveckling,Completed,2026-03-12,0.0
28,Systemutveckling,Completed,2026-03-13,0.0
35,Systemutveckling,Completed,2026-03-17,0.0
36,Systemutveckling,Completed,2026-03-17,0.0
41,Systemutveckling,Completed,2026-03-21,0.0
46,Systemutveckling,Completed,2026-03-24,0.0
53,Systemutveckling,Completed,2026-03-27,0.0
54,Systemutveckling,Completed,2026-03-28,0.0
57,Systemutveckling,Completed,2026-03-30,0.0
60,Systemutveckling,Extended,2026-03-31,10.0
61,Systemutveckling,Completed,2026-04-01,0.0
63,Systemutveckling,Extended,2026-04-02,75.0
66,Systemutveckling,Completed,2026-04-04,0.0
69,Systemutveckling,Completed,2026-04-05,0.0
73,Systemutveckling,Extended,2026-04-09,120.0
90,Systemutveckling,Completed,2026-04-17,0.0
93,Systemutveckling,Completed,2026-04-19,0.0
105,Systemutveckling,Completed,2026-04-25,0.0
107,Systemutveckling,Extended,2026-04-25,120.0
113,Systemutveckling,Completed,2026-04-29,0.0
115,Systemutveckling,Completed,2026-04-30,0.0
120,Systemutveckling,Extended,2026-05-03,
125,Systemutveckling,Completed,2026-05-05,0.0
128,Systemutveckling,Completed,2026-05-06,0.0
136,Systemutveckling,Extended,2026-05-10,45.0
137,Systemutveckling,Extended,2026-05-10,90.0
147,Systemutveckling,Completed,2026-05-15,0.0
148,Systemutveckling,Completed,2026-05-15,0.0
151,Systemutveckling,Completed,2026-05-16,0.0
153,Systemutveckling,Extended,2026-05-17,
154,Systemutveckling,Completed,2026-05-18,0.0
155,Systemutveckling,Completed,2026-05-18,0.0
159,Systemutveckling,Completed,2026-05-20,0.0
163,Systemutveckling,Completed,2026-05-21,0.0
170,Systemutveckling,Completed,2026-05-25,0.0
171,Systemutveckling,Completed,2026-05-25,0.0
1,Systemutveckling,Completed,2026-03-01,0.0
3,Systemutveckling,Completed,2026-03-01,0.0
7,Systemutveckling,Completed,2026-03-03,0.0
20,Systemutveckling,Extended,2026-03-09,30.0
21,Systemutveckling,Completed,2026-03-10,0.0
24,Systemutveckling,Completed,2026-03-11,0.0
29,Systemutveckling,Extended,2026-03-13,20.0
33,Systemutveckling,Completed,2026-03-16,0.0
37,Systemutveckling,Cancelled,2026-03-17,
40,Systemutveckling,Completed,2026-03-20,0.0
44,Systemutveckling,Completed,2026-03-22,0.0
47,Systemutveckling,Completed,2026-03-25,0.0
55,Systemutveckling,Completed,2026-03-29,0.0
58,Systemutveckling,Completed,2026-03-31,0.0
59,Systemutveckling,Completed,2026-03-31,0.0
64,Systemutveckling,Extended,2026-04-03,15.0
67,Systemutveckling,Extended,2026-04-04,25.0
68,Systemutveckling,Extended,2026-04-05,40.0
82,Systemutveckling,Extended,2026-04-13,20.0
84,Systemutveckling,Completed,2026-04-14,0.0
91,Systemutveckling,Completed,2026-04-17,0.0
96,Systemutveckling,Completed,2026-04-21,0.0
102,Systemutveckling,Completed,2026-04-23,0.0
103,Systemutveckling,Extended,2026-04-24,15.0
117,Systemutveckling,Extended,2026-05-01,15.0
119,Systemutveckling,Completed,2026-05-02,0.0
156,Systemutveckling,Completed,2026-05-19,0.0
165,Systemutveckling,Completed,2026-05-22,0.0
166,Systemutveckling,Completed,2026-05-22,0.0
172,Systemutveckling,Completed,2026-05-26,0.0
12,Dataanalys,Completed,2026-03-06,0.0
15,Dataanalys,Completed,2026-03-07,0.0
19,Dataanalys,Extended,2026-03-09,60.0
22,Dataanalys,Completed,2026-03-10,0.0
25,Dataanalys,Extended,2026-03-12,
30,Dataanalys,Completed,2026-03-14,0.0
42,Dataanalys,Completed,2026-03-22,0.0
45,Dataanalys,Completed,2026-03-23,0.0
49,Dataanalys,Completed,2026-03-25,0.0
71,Dataanalys,Extended,2026-04-07,75.0
72,Dataanalys,Completed,2026-04-08,0.0
74,Dataanalys,Completed,2026-04-09,0.0
76,Dataanalys,Completed,2026-04-10,0.0
77,Dataanalys,Completed,2026-04-11,0.0
79,Dataanalys,Completed,2026-04-12,0.0
81,Dataanalys,Completed,2026-04-13,0.0
83,Dataanalys,Completed,2026-04-14,0.0
89,Dataanalys,Completed,2026-04-17,0.0
94,Dataanalys,Completed,2026-04-19,0.0
99,Dataanalys,Extended,2026-04-22,55.0
109,Dataanalys,Completed,2026-04-26,0.0
116,Dataanalys,Completed,2026-05-01,0.0
122,Dataanalys,Completed,2026-05-04,0.0
134,Dataanalys,Completed,2026-05-09,0.0
139,Dataanalys,Completed,2026-05-11,0.0
140,Dataanalys,Completed,2026-05-12,0.0
142,Dataanalys,Completed,2026-05-12,0.0
152,Dataanalys,Completed,2026-05-17,0.0
157,Dataanalys,Completed,2026-05-19,0.0
5,Dataanalys,Completed,2026-03-02,0.0
9,Dataanalys,Extended,2026-03-04,10.0
11,Dataanalys,Extended,2026-03-05,30.0
13,Dataanalys,Extended,2026-03-06,30.0
14,Dataanalys,Completed,2026-03-06,0.0
17,Dataanalys,Completed,2026-03-08,0.0
27,Dataanalys,Completed,2026-03-13,0.0
34,Dataanalys,Completed,2026-03-16,0.0
43,Dataanalys,Completed,2026-03-22,0.0
48,Dataanalys,Completed,2026-03-25,0.0
51,Dataanalys,Extended,2026-03-27,20.0
52,Dataanalys,Completed,2026-03-27,0.0
65,Dataanalys,Completed,2026-04-04,0.0
70,Dataanalys,Completed,2026-04-06,0.0
78,Dataanalys,Completed,2026-04-11,0.0
80,Dataanalys,Completed,2026-04-13,0.0
85,Dataanalys,Cancelled,2026-04-15,
86,Dataanalys,Completed,2026-04-16,0.0
92,Dataanalys,Completed,2026-04-18,0.0
95,Dataanalys,Completed,2026-04-20,0.0
98,Dataanalys,Completed,2026-04-22,0.0
100,Dataanalys,Extended,2026-04-23,40.0
110,Dataanalys,Completed,2026-04-27,0.0
112,Dataanalys,Completed,2026-04-28,0.0
118,Dataanalys,Completed,2026-05-02,0.0
123,Dataanalys,Completed,2026-05-04,0.0
126,Dataanalys,Completed,2026-05-05,0.0
127,Dataanalys,Extended,2026-05-05,90.0
130,Dataanalys,Completed,2026-05-07,0.0
131,Dataanalys,Extended,2026-05-08,
133,Dataanalys,Completed,2026-05-09,0.0
135,Dataanalys,Completed,2026-05-09,0.0
143,Dataanalys,Completed,2026-05-13,0.0
144,Dataanalys,Completed,2026-05-13,0.0
145,Dataanalys,Completed,2026-05-13,0.0
149,Dataanalys,Completed,2026-05-15,0.0
161,Dataanalys,Completed,2026-05-20,0.0
162,Dataanalys,Completed,2026-05-21,0.0
167,Dataanalys,Completed,2026-05-23,0.0
169,Dataanalys,Extended,2026-05-24,60.0
2,Infrastruktur,Completed,2026-03-01,0.0
8,Infrastruktur,Cancelled,2026-03-03,
18,Infrastruktur,Cancelled,2026-03-09,
23,Infrastruktur,Extended,2026-03-11,
31,Infrastruktur,Completed,2026-03-14,0.0
32,Infrastruktur,Completed,2026-03-15,0.0
38,Infrastruktur,Completed,2026-03-18,0.0
39,Infrastruktur,Extended,2026-03-19,15.0
50,Infrastruktur,Completed,2026-03-26,0.0
56,Infrastruktur,Completed,2026-03-30,0.0
62,Infrastruktur,Completed,2026-04-01,0.0
75,Infrastruktur,Completed,2026-04-10,0.0
87,Infrastruktur,Completed,2026-04-16,0.0
88,Infrastruktur,Completed,2026-04-16,0.0
97,Infrastruktur,Completed,2026-04-21,0.0
101,Infrastruktur,Completed,2026-04-23,0.0
104,Infrastruktur,Completed,2026-04-24,0.0
106,Infrastruktur,Extended,2026-04-25,60.0
108,Infrastruktur,Completed,2026-04-26,0.0
111,Infrastruktur,Completed,2026-04-27,0.0
114,Infrastruktur,Completed,2026-04-29,0.0
121,Infrastruktur,Completed,2026-05-03,0.0
124,Infrastruktur,Cancelled,2026-05-04,
129,Infrastruktur,Extended,2026-05-07,25.0
132,Infrastruktur,Completed,2026-05-08,0.0
138,Infrastruktur,Completed,2026-05-11,0.0
141,Infrastruktur,Completed,2026-05-12,0.0
146,Infrastruktur,Completed,2026-05-14,0.0
150,Infrastruktur,Extended,2026-05-16,10.0
158,Infrastruktur,Completed,2026-05-19,0.0
160,Infrastruktur,Extended,2026-05-20,15.0
164,Infrastruktur,Completed,2026-05-22,0.0
168,Infrastruktur,Completed,2026-05-24,0.0
