timesheet_id,employee_id,employee_name,department_name,role_level,hourly_rate,reported_date,approval_method,secondment_id,secondment_status
10,34,Juha Gustafsson,Systemutveckling,Konsult,850.0,2026-01-06,Efterhandsgodkand,4,Completed
12,42,Lena Svensson,Systemutveckling,Senior,1650.0,2025-11-14,Automatisk,6,Extended
13,20,Hans Ahmed,Systemutveckling,Konsult,1050.0,2026-02-06,Automatisk,6,Extended
14,67,Hans Larsson,Systemutveckling,Konsult,850.0,2026-01-12,Automatisk,6,Extended
28,47,Ali Makinen,Systemutveckling,Konsult,1180.0,2025-12-09,Efterhandsgodkand,10,Extended
29,21,Anna Korhonen,Systemutveckling,Konsult,1050.0,2025-11-22,Chefsgodkand,10,Extended
30,28,Hans Haddad,Systemutveckling,Konsult,1050.0,2026-01-11,Chefsgodkand,10,Extended
31,8,Ali Eriksson,Systemutveckling,Senior,1650.0,2026-01-13,,10,Extended
32,16,Elin Schmidt,Systemutveckling,Konsult,1050.0,2026-01-23,Kundgodkand,10,Extended
33,30,Nora Nielsen,Systemutveckling,Konsult,720.0,2026-01-19,Automatisk,10,Extended
53,81,Anton Schmidt,Systemutveckling,Konsult,720.0,2026-01-23,Kundgodkand,16,Extended
54,55,Sofia Haddad,Systemutveckling,Konsult,850.0,2026-01-25,Automatisk,16,Extended
55,81,Anton Schmidt,Systemutveckling,Senior,2200.0,2025-11-09,Efterhandsgodkand,16,Extended
56,23,Johan Korhonen,Systemutveckling,Senior,1890.0,2026-02-13,Kundgodkand,16,Extended
57,46,Sara Jensen,Systemutveckling,Konsult,940.0,2026-02-21,Efterhandsgodkand,16,Extended
93,12,Omar Lindqvist,Systemutveckling,Konsult,1180.0,2025-11-24,Automatisk,26,Completed
94,77,Ingrid Svensson,Systemutveckling,Konsult,1180.0,2026-02-06,Kundgodkand,26,Completed
95,84,Oskar Schmidt,Systemutveckling,Konsult,850.0,2026-02-04,Automatisk,26,Completed
96,54,Anna Karlsson,Systemutveckling,Konsult,1180.0,2025-11-22,Automatisk,26,Completed
99,82,Lena Haddad,Systemutveckling,Senior,1890.0,2025-11-14,Efterhandsgodkand,28,Completed
100,42,Lena Svensson,Systemutveckling,Senior,1650.0,2026-02-14,Kundgodkand,28,Completed
101,69,Karl Persson,Systemutveckling,Konsult,720.0,2025-12-06,Chefsgodkand,28,Completed
102,89,Juha Backman,Systemutveckling,Konsult,1180.0,2025-12-11,Kundgodkand,28,Completed
103,34,Juha Gustafsson,Systemutveckling,Konsult,1050.0,2025-11-21,Chefsgodkand,28,Completed
104,76,Nils Novak,Systemutveckling,Konsult,1180.0,2026-01-15,Chefsgodkand,28,Completed
132,77,Ingrid Svensson,Systemutveckling,Konsult,720.0,2026-02-09,Chefsgodkand,35,Completed
133,83,Lena Berg,Systemutveckling,Konsult,940.0,2025-12-25,Chefsgodkand,35,Completed
134,13,Viktor Muller,Systemutveckling,Konsult,1180.0,2026-01-31,Chefsgodkand,35,Completed
135,26,Alva Gustafsson,Systemutveckling,Konsult,940.0,2026-02-13,Efterhandsgodkand,35,Completed
136,68,Tuva Vries,Systemutveckling,Konsult,720.0,2026-02-12,Kundgodkand,35,Completed
137,38,Omar Rossi,Systemutveckling,Konsult,1180.0,2026-03-01,Kundgodkand,35,Completed
614,10,Kari Karlsson,Systemutveckling,Konsult,1180.0,2026-03-01,Efterhandsgodkand,35,Completed
138,35,Amina Larsson,Systemutveckling,Konsult,1050.0,2026-01-06,Efterhandsgodkand,36,Completed
139,79,Lars Karlsson,Systemutveckling,Konsult,940.0,2026-02-11,Chefsgodkand,36,Completed
140,47,Ali Makinen,Systemutveckling,Konsult,1180.0,2026-02-18,Automatisk,36,Completed
141,42,Lena Svensson,Systemutveckling,Konsult,850.0,2026-02-02,Chefsgodkand,36,Completed
151,71,Johan Jensen,Systemutveckling,Konsult,720.0,2026-03-19,Chefsgodkand,41,Completed
152,18,Karl Virtanen,Systemutveckling,Konsult,850.0,2026-02-12,Automatisk,41,Completed
153,43,Anna Berg,Systemutveckling,Konsult,1180.0,2026-02-18,Kundgodkand,41,Completed
154,59,Erik Muller,Systemutveckling,Konsult,1050.0,2026-03-17,Automatisk,41,Completed
169,47,Ali Makinen,Systemutveckling,Konsult,720.0,2026-02-05,Kundgodkand,46,Completed
170,39,Ali Gustafsson,Systemutveckling,Konsult,1050.0,2026-01-13,Efterhandsgodkand,46,Completed
194,45,Erik Schmidt,Systemutveckling,Konsult,940.0,2026-03-25,Efterhandsgodkand,53,Completed
195,28,Hans Haddad,Systemutveckling,Konsult,940.0,2025-12-29,Automatisk,53,Completed
196,26,Alva Gustafsson,Systemutveckling,Konsult,1180.0,2026-01-06,Automatisk,53,Completed
197,15,Anton Johansson,Systemutveckling,Konsult,,2025-12-25,Chefsgodkand,53,Completed
198,51,Anna Andersson,Systemutveckling,Konsult,850.0,2026-01-14,Kundgodkand,53,Completed
199,46,Sara Jensen,Systemutveckling,Senior,1650.0,2026-02-14,Efterhandsgodkand,53,Completed
200,54,Anna Karlsson,Systemutveckling,Konsult,720.0,2026-03-09,Chefsgodkand,54,Completed
201,4,Omar Nilsson,Systemutveckling,Senior,1890.0,2026-03-11,Chefsgodkand,54,Completed
202,68,Tuva Vries,Systemutveckling,Konsult,940.0,2025-12-04,Chefsgodkand,54,Completed
203,49,Anna Virtanen,Systemutveckling,Konsult,850.0,2026-02-16,Kundgodkand,54,Completed
204,71,Johan Jensen,Systemutveckling,Senior,1890.0,2025-12-17,Efterhandsgodkand,54,Completed
611,33,Moa Haugen,Systemutveckling,Senior,1890.0,2025-12-17,Efterhandsgodkand,54,Completed
213,61,Vera Johansson,Systemutveckling,Senior,1890.0,2025-12-29,Chefsgodkand,57,Completed
217,37,Ingrid Andersson,Systemutveckling,Konsult,1180.0,2026-01-30,Automatisk,60,Extended
218,7,Ove Haugen,Systemutveckling,Konsult,1180.0,2025-12-16,Kundgodkand,60,Extended
219,5,Maria Jensen,Systemutveckling,Senior,1890.0,2025-12-22,Automatisk,60,Extended
220,47,Ali Makinen,Systemutveckling,Senior,1650.0,2026-01-25,Chefsgodkand,61,Completed
221,80,Anton Olsson,Systemutveckling,Konsult,940.0,2026-03-28,Automatisk,61,Completed
222,33,Moa Haugen,Systemutveckling,Konsult,1050.0,2026-01-23,Efterhandsgodkand,61,Completed
223,27,Omar Johansson,Systemutveckling,Senior,1650.0,2026-02-27,Chefsgodkand,61,Completed
229,29,Signe Schmidt,Systemutveckling,Konsult,1180.0,2026-03-07,Efterhandsgodkand,63,Extended
230,80,Anton Olsson,Systemutveckling,Senior,1890.0,2026-03-25,Chefsgodkand,63,Extended
237,42,Lena Svensson,Systemutveckling,Senior,1890.0,2026-02-03,Automatisk,66,Completed
238,17,Moa Svensson,Systemutveckling,Konsult,850.0,2026-01-01,Efterhandsgodkand,66,Completed
239,30,Nora Nielsen,Systemutveckling,Konsult,850.0,2026-02-23,Chefsgodkand,66,Completed
240,87,Sofia Korhonen,Systemutveckling,Konsult,1050.0,2026-01-25,Automatisk,66,Completed
249,52,Sofia Persson,Systemutveckling,Konsult,1050.0,2026-02-07,Chefsgodkand,69,Completed
250,62,Lena Makinen,Systemutveckling,Senior,2200.0,2026-01-21,Automatisk,69,Completed
251,33,Moa Haugen,Systemutveckling,Konsult,940.0,2026-03-24,Kundgodkand,69,Completed
252,75,Ida Svensson,Systemutveckling,Konsult,850.0,2026-02-06,Efterhandsgodkand,69,Completed
265,57,Samir Haugen,Systemutveckling,Konsult,850.0,2026-02-26,Kundgodkand,73,Extended
266,78,Karl Gustafsson,Systemutveckling,Konsult,940.0,2026-03-14,Kundgodkand,73,Extended
267,15,Anton Johansson,Systemutveckling,Konsult,720.0,2026-02-27,Kundgodkand,73,Extended
268,89,Juha Backman,Systemutveckling,Konsult,850.0,2026-01-13,Automatisk,73,Extended
269,15,Anton Johansson,Systemutveckling,Senior,1650.0,2026-02-22,Kundgodkand,73,Extended
314,51,Anna Andersson,Systemutveckling,Konsult,720.0,2026-01-02,Efterhandsgodkand,90,Completed
324,79,Lars Karlsson,Systemutveckling,Konsult,1180.0,2026-01-06,Automatisk,93,Completed
325,15,Anton Johansson,Systemutveckling,Konsult,1180.0,2026-04-09,Kundgodkand,93,Completed
326,79,Lars Karlsson,Systemutveckling,Konsult,1050.0,2026-04-13,Automatisk,93,Completed
327,78,Karl Gustafsson,Systemutveckling,Senior,1650.0,2025-12-29,Kundgodkand,93,Completed
328,45,Erik Schmidt,Systemutveckling,Konsult,1180.0,2026-03-09,Kundgodkand,93,Completed
368,9,Vera Kowalski,Systemutveckling,Senior,2200.0,2026-01-28,Efterhandsgodkand,105,Completed
369,48,Omar Berg,Systemutveckling,Konsult,850.0,2026-01-07,Efterhandsgodkand,105,Completed
370,17,Moa Svensson,Systemutveckling,Konsult,720.0,2025-12-28,Efterhandsgodkand,105,Completed
375,17,Moa Svensson,Systemutveckling,Konsult,1180.0,2026-01-17,Efterhandsgodkand,107,Extended
376,45,Erik Schmidt,Systemutveckling,Konsult,1180.0,2026-04-16,Kundgodkand,107,Extended
377,78,Karl Gustafsson,Systemutveckling,Konsult,940.0,2026-03-21,Kundgodkand,107,Extended
378,57,Samir Haugen,Systemutveckling,Konsult,1180.0,2026-02-25,Efterhandsgodkand,107,Extended
379,47,Ali Makinen,Systemutveckling,Konsult,1050.0,2026-04-09,Kundgodkand,107,Extended
380,32,Moa Kowalski,Systemutveckling,Konsult,1050.0,2026-04-13,Kundgodkand,107,Extended
397,23,Johan Korhonen,Systemutveckling,Konsult,1050.0,2026-02-17,Kundgodkand,113,Completed
398,12,Omar Lindqvist,Systemutveckling,Konsult,1050.0,2026-03-17,Automatisk,113,Completed
399,14,Sara Gustafsson,Systemutveckling,Konsult,720.0,2026-04-13,Kundgodkand,113,Completed
400,43,Anna Berg,Systemutveckling,Konsult,1180.0,2026-01-02,Automatisk,113,Completed
401,3,Henrik Lindqvist,Systemutveckling,Senior,2200.0,2026-01-28,Automatisk,113,Completed
402,38,Omar Rossi,Systemutveckling,Konsult,720.0,2026-02-09,Automatisk,113,Completed
406,16,Elin Schmidt,Systemutveckling,Konsult,1180.0,2026-02-08,,115,Completed
421,51,Anna Andersson,Systemutveckling,Konsult,1050.0,2026-01-16,Automatisk,120,Extended
422,7,Ove Haugen,Systemutveckling,Konsult,720.0,2026-03-02,Automatisk,120,Extended
423,82,Lena Haddad,Systemutveckling,Konsult,940.0,2026-02-17,Chefsgodkand,120,Extended
424,17,Moa Svensson,Systemutveckling,Konsult,940.0,2026-03-29,Kundgodkand,120,Extended
436,32,Moa Kowalski,Systemutveckling,Konsult,1180.0,2026-02-03,Efterhandsgodkand,125,Completed
444,47,Ali Makinen,Systemutveckling,Senior,1890.0,2026-04-21,Chefsgodkand,128,Completed
445,70,Anton Korhonen,Systemutveckling,Konsult,850.0,2026-04-29,Kundgodkand,128,Completed
470,74,Anna Jensen,Systemutveckling,Konsult,1050.0,2026-01-10,Chefsgodkand,136,Extended
471,47,Ali Makinen,Systemutveckling,Konsult,720.0,2026-02-22,Automatisk,136,Extended
472,42,Lena Svensson,Systemutveckling,Konsult,720.0,2026-03-06,Kundgodkand,137,Extended
473,10,Kari Karlsson,Systemutveckling,Konsult,1180.0,2026-03-03,Automatisk,137,Extended
510,18,Karl Virtanen,Systemutveckling,Konsult,1180.0,2026-05-05,Automatisk,147,Completed
511,80,Anton Olsson,Systemutveckling,Konsult,720.0,2026-03-07,Automatisk,147,Completed
512,43,Anna Berg,Systemutveckling,Konsult,940.0,2026-01-25,Kundgodkand,147,Completed
513,72,Jasmin Haddad,Systemutveckling,Konsult,720.0,2026-04-23,Kundgodkand,148,Completed
525,65,Ida Andersson,Systemutveckling,Konsult,1180.0,2026-02-07,Efterhandsgodkand,151,Completed
526,11,Erik Lindqvist,Systemutveckling,Konsult,1180.0,2026-04-17,Automatisk,151,Completed
527,24,Hans Dahl,Systemutveckling,Senior,1890.0,2026-03-23,Chefsgodkand,151,Completed
528,66,Signe Svensson,Systemutveckling,Konsult,850.0,2026-04-12,Chefsgodkand,151,Completed
529,57,Samir Haugen,Systemutveckling,Konsult,720.0,2026-01-18,Automatisk,151,Completed
535,78,Karl Gustafsson,Systemutveckling,Konsult,940.0,2026-01-30,Chefsgodkand,153,Extended
536,17,Moa Svensson,Systemutveckling,Konsult,1050.0,2026-03-16,Efterhandsgodkand,153,Extended
537,23,Johan Korhonen,Systemutveckling,Konsult,1050.0,2026-02-08,Efterhandsgodkand,153,Extended
538,39,Ali Gustafsson,Systemutveckling,Konsult,940.0,2026-01-21,Chefsgodkand,153,Extended
539,78,Karl Gustafsson,Systemutveckling,Konsult,1180.0,2026-03-05,Chefsgodkand,153,Extended
540,39,Ali Gustafsson,Systemutveckling,Konsult,720.0,2026-02-12,Chefsgodkand,154,Completed
541,43,Anna Berg,Systemutveckling,Konsult,850.0,2026-02-01,Automatisk,154,Completed
542,47,Ali Makinen,Systemutveckling,Konsult,1050.0,2026-05-07,Efterhandsgodkand,154,Completed
543,79,Lars Karlsson,Systemutveckling,Konsult,1050.0,2026-03-22,Efterhandsgodkand,154,Completed
544,72,Jasmin Haddad,Systemutveckling,Konsult,1050.0,2026-01-19,Chefsgodkand,155,Completed
545,23,Johan Korhonen,Systemutveckling,Konsult,940.0,2026-03-20,Kundgodkand,155,Completed
546,43,Anna Berg,Systemutveckling,Konsult,1180.0,2026-05-12,Automatisk,155,Completed
547,11,Erik Lindqvist,Systemutveckling,Konsult,720.0,2026-04-14,Automatisk,155,Completed
554,36,Viktor Rossi,Systemutveckling,Konsult,1180.0,2026-02-03,Kundgodkand,159,Completed
555,49,Anna Virtanen,Systemutveckling,Konsult,940.0,2026-05-18,Automatisk,159,Completed
556,50,Mette Eriksson,Systemutveckling,Konsult,850.0,2026-05-11,Efterhandsgodkand,159,Completed
557,86,Signe Nielsen,Systemutveckling,Konsult,1180.0,2026-03-16,Automatisk,159,Completed
558,81,Anton Schmidt,Systemutveckling,Konsult,1050.0,2026-02-23,,159,Completed
572,29,Signe Schmidt,Systemutveckling,Konsult,720.0,2026-03-01,Kundgodkand,163,Completed
573,84,Oskar Schmidt,Systemutveckling,Konsult,1180.0,2026-04-17,Kundgodkand,163,Completed
574,34,Juha Gustafsson,Systemutveckling,Senior,2200.0,2026-04-11,Automatisk,163,Completed
575,55,Sofia Haddad,Systemutveckling,Konsult,720.0,2026-03-23,Efterhandsgodkand,163,Completed
576,24,Hans Dahl,Systemutveckling,Senior,2200.0,2026-02-22,Chefsgodkand,163,Completed
602,52,Sofia Persson,Systemutveckling,Senior,1650.0,2026-04-20,Kundgodkand,170,Completed
603,11,Erik Lindqvist,Systemutveckling,Konsult,720.0,2026-03-19,,170,Completed
604,78,Karl Gustafsson,Systemutveckling,Konsult,720.0,2026-04-20,Chefsgodkand,170,Completed
605,46,Sara Jensen,Systemutveckling,Konsult,940.0,2026-04-13,Kundgodkand,170,Completed
606,55,Sofia Haddad,Systemutveckling,Konsult,720.0,2026-03-01,Automatisk,170,Completed
607,16,Elin Schmidt,Systemutveckling,Konsult,850.0,2026-04-13,Kundgodkand,170,Completed
608,1,Signe Vries,Systemutveckling,Konsult,1180.0,2026-02-09,,171,Completed
1,55,Sofia Haddad,Systemutveckling,Konsult,850.0,2026-02-17,Kundgodkand,1,Completed
2,66,Signe Svensson,Systemutveckling,Konsult,940.0,2025-11-07,Automatisk,1,Completed
9,19,Amina Dahl,Systemutveckling,Senior,1890.0,2026-02-01,Chefsgodkand,3,Completed
15,35,Amina Larsson,Systemutveckling,Konsult,1050.0,2025-12-06,Kundgodkand,7,Completed
16,73,Viktor Andersson,Systemutveckling,Konsult,720.0,2025-12-16,Efterhandsgodkand,7,Completed
17,46,Sara Jensen,Systemutveckling,Konsult,1180.0,2025-11-08,Chefsgodkand,7,Completed
18,46,Sara Jensen,Systemutveckling,Senior,2200.0,2026-02-16,Kundgodkand,7,Completed
19,84,Oskar Schmidt,Systemutveckling,Senior,1890.0,2025-12-04,Kundgodkand,7,Completed
20,25,Maria Virtanen,Systemutveckling,Konsult,850.0,2026-02-12,Automatisk,7,Completed
70,50,Mette Eriksson,Systemutveckling,Konsult,850.0,2025-12-09,Chefsgodkand,20,Extended
71,84,Oskar Schmidt,Systemutveckling,Konsult,1180.0,2026-02-02,Efterhandsgodkand,20,Extended
72,69,Karl Persson,Systemutveckling,Konsult,940.0,2025-12-17,Chefsgodkand,20,Extended
73,32,Moa Kowalski,Systemutveckling,Konsult,,2026-02-04,Automatisk,21,Completed
74,82,Lena Haddad,Systemutveckling,Konsult,1050.0,2025-12-31,Automatisk,21,Completed
75,17,Moa Svensson,Systemutveckling,Konsult,1050.0,2025-12-26,Efterhandsgodkand,21,Completed
84,28,Hans Haddad,Systemutveckling,Senior,1650.0,2026-02-14,Efterhandsgodkand,24,Completed
85,65,Ida Andersson,Systemutveckling,Konsult,1180.0,2026-01-16,Automatisk,24,Completed
86,90,Juha Rossi,Systemutveckling,Konsult,720.0,2025-11-23,Efterhandsgodkand,24,Completed
105,22,Mette Svensson,Systemutveckling,Senior,1890.0,2026-02-05,Automatisk,29,Extended
106,82,Lena Haddad,Systemutveckling,Konsult,720.0,2025-12-18,Kundgodkand,29,Extended
107,40,Anna Lund,Systemutveckling,Senior,1650.0,2025-11-26,,29,Extended
108,82,Lena Haddad,Systemutveckling,Konsult,1180.0,2026-03-09,Automatisk,29,Extended
109,67,Hans Larsson,Systemutveckling,Konsult,1180.0,2025-12-13,Kundgodkand,29,Extended
123,56,Signe Lund,Systemutveckling,Senior,2200.0,2025-12-20,Chefsgodkand,33,Completed
124,48,Omar Berg,Systemutveckling,Konsult,940.0,2026-01-18,Automatisk,33,Completed
125,45,Erik Schmidt,Systemutveckling,Konsult,720.0,2025-12-25,Automatisk,33,Completed
126,59,Erik Muller,Systemutveckling,Konsult,1180.0,2026-02-05,Chefsgodkand,33,Completed
127,66,Signe Svensson,Systemutveckling,Senior,1890.0,2026-02-02,Efterhandsgodkand,33,Completed
128,46,Sara Jensen,Systemutveckling,Konsult,940.0,2025-12-15,Efterhandsgodkand,33,Completed
142,41,Oskar Haugen,Systemutveckling,Konsult,940.0,2025-12-07,Kundgodkand,37,Cancelled
143,86,Signe Nielsen,Systemutveckling,Konsult,940.0,2026-01-06,Automatisk,37,Cancelled
148,73,Viktor Andersson,Systemutveckling,Konsult,940.0,2025-12-29,Automatisk,40,Completed
149,9,Vera Kowalski,Systemutveckling,Senior,1650.0,2026-03-02,Chefsgodkand,40,Completed
150,88,Filip Lindqvist,Systemutveckling,Senior,2200.0,2025-12-17,Kundgodkand,40,Completed
160,19,Amina Dahl,Systemutveckling,Konsult,850.0,2025-12-01,Efterhandsgodkand,44,Completed
161,17,Moa Svensson,Systemutveckling,Senior,2200.0,2026-02-24,Efterhandsgodkand,44,Completed
162,67,Hans Larsson,Systemutveckling,Senior,1650.0,2026-01-21,Kundgodkand,44,Completed
163,74,Anna Jensen,Systemutveckling,Konsult,1050.0,2026-02-17,Kundgodkand,44,Completed
171,66,Signe Svensson,Systemutveckling,Konsult,720.0,2025-12-05,Automatisk,47,Completed
172,24,Hans Dahl,Systemutveckling,Konsult,850.0,2026-02-12,Chefsgodkand,47,Completed
173,64,Johan Gustafsson,Systemutveckling,Konsult,1180.0,2026-02-23,,47,Completed
174,18,Karl Virtanen,Systemutveckling,Konsult,,2026-03-19,Chefsgodkand,47,Completed
175,64,Johan Gustafsson,Systemutveckling,Konsult,1050.0,2026-03-05,Efterhandsgodkand,47,Completed
205,44,Oskar Haugen,Systemutveckling,Konsult,1050.0,2026-01-16,Chefsgodkand,55,Completed
206,8,Ali Eriksson,Systemutveckling,Konsult,940.0,2026-01-28,Chefsgodkand,55,Completed
207,69,Karl Persson,Systemutveckling,Konsult,1050.0,2026-01-24,Chefsgodkand,55,Completed
214,11,Erik Lindqvist,Systemutveckling,Konsult,1050.0,2026-01-06,Efterhandsgodkand,58,Completed
215,21,Anna Korhonen,Systemutveckling,Konsult,1180.0,2026-02-21,Efterhandsgodkand,58,Completed
216,28,Hans Haddad,Systemutveckling,Konsult,940.0,2026-01-25,Chefsgodkand,59,Completed
231,84,Oskar Schmidt,Systemutveckling,Senior,2200.0,2026-01-04,Efterhandsgodkand,64,Extended
232,20,Hans Ahmed,Systemutveckling,Konsult,720.0,2025-12-25,Automatisk,64,Extended
233,28,Hans Haddad,Systemutveckling,Senior,1650.0,2026-01-13,Kundgodkand,64,Extended
241,87,Sofia Korhonen,Systemutveckling,Konsult,850.0,2025-12-23,Automatisk,67,Extended
242,62,Lena Makinen,Systemutveckling,Senior,1890.0,2026-02-19,Chefsgodkand,67,Extended
243,23,Johan Korhonen,Systemutveckling,Konsult,1050.0,2026-03-03,Chefsgodkand,67,Extended
244,24,Hans Dahl,Systemutveckling,Konsult,720.0,2026-01-31,Efterhandsgodkand,67,Extended
245,57,Samir Haugen,Systemutveckling,Konsult,720.0,2026-02-11,Chefsgodkand,67,Extended
246,53,Erik Persson,Systemutveckling,Konsult,940.0,2026-04-02,Chefsgodkand,68,Extended
247,60,Signe Haugen,Systemutveckling,Konsult,1180.0,2026-03-02,Efterhandsgodkand,68,Extended
248,43,Anna Berg,Systemutveckling,Senior,2200.0,2026-02-14,Efterhandsgodkand,68,Extended
290,42,Lena Svensson,Systemutveckling,Konsult,940.0,2026-04-05,Chefsgodkand,82,Extended
291,33,Moa Haugen,Systemutveckling,Konsult,940.0,2025-12-25,Efterhandsgodkand,82,Extended
292,42,Lena Svensson,Systemutveckling,Senior,1890.0,2025-12-19,Efterhandsgodkand,82,Extended
293,1,Signe Vries,Systemutveckling,Konsult,850.0,2026-01-25,Automatisk,82,Extended
294,39,Ali Gustafsson,Systemutveckling,Konsult,940.0,2026-02-26,Chefsgodkand,82,Extended
297,40,Anna Lund,Systemutveckling,Konsult,1050.0,2026-03-19,Kundgodkand,84,Completed
298,90,Juha Rossi,Systemutveckling,Senior,2200.0,2026-03-01,Efterhandsgodkand,84,Completed
299,27,Omar Johansson,Systemutveckling,Konsult,850.0,2026-02-15,Chefsgodkand,84,Completed
300,19,Amina Dahl,Systemutveckling,Senior,2200.0,2026-04-05,Automatisk,84,Completed
315,74,Anna Jensen,Systemutveckling,Konsult,720.0,2026-01-26,Efterhandsgodkand,91,Completed
316,24,Hans Dahl,Systemutveckling,Konsult,1180.0,2025-12-27,Chefsgodkand,91,Completed
317,64,Johan Gustafsson,Systemutveckling,Senior,1890.0,2026-01-07,Kundgodkand,91,Completed
318,56,Signe Lund,Systemutveckling,Senior,1890.0,2026-03-22,Automatisk,91,Completed
340,17,Moa Svensson,Systemutveckling,Konsult,1050.0,2026-01-29,Chefsgodkand,96,Completed
341,47,Ali Makinen,Systemutveckling,Senior,2200.0,2026-03-02,Kundgodkand,96,Completed
342,79,Lars Karlsson,Systemutveckling,Senior,1650.0,2026-01-05,Chefsgodkand,96,Completed
343,23,Johan Korhonen,Systemutveckling,Konsult,720.0,2026-03-02,Automatisk,96,Completed
344,42,Lena Svensson,Systemutveckling,Konsult,940.0,2026-01-09,Automatisk,96,Completed
361,80,Anton Olsson,Systemutveckling,Senior,2200.0,2026-01-18,,102,Completed
362,21,Anna Korhonen,Systemutveckling,Konsult,1050.0,2026-01-11,Automatisk,102,Completed
363,52,Sofia Persson,Systemutveckling,Konsult,1050.0,2026-01-20,Efterhandsgodkand,102,Completed
364,90,Juha Rossi,Systemutveckling,Konsult,1180.0,2026-01-30,Chefsgodkand,103,Extended
365,23,Johan Korhonen,Systemutveckling,Konsult,850.0,2026-03-05,Chefsgodkand,103,Extended
412,77,Ingrid Svensson,Systemutveckling,Konsult,1050.0,2026-01-07,Chefsgodkand,117,Extended
413,5,Maria Jensen,Systemutveckling,Senior,1890.0,2026-02-16,Kundgodkand,117,Extended
414,52,Sofia Persson,Systemutveckling,Senior,1890.0,2026-02-21,Efterhandsgodkand,117,Extended
415,62,Lena Makinen,Systemutveckling,Konsult,720.0,2026-03-05,Chefsgodkand,117,Extended
420,64,Johan Gustafsson,Systemutveckling,Konsult,850.0,2026-04-03,Efterhandsgodkand,119,Completed
548,88,Filip Lindqvist,Systemutveckling,Konsult,720.0,2026-01-22,Automatisk,156,Completed
582,30,Nora Nielsen,Systemutveckling,Konsult,940.0,2026-02-09,Automatisk,165,Completed
583,12,Omar Lindqvist,Systemutveckling,Konsult,720.0,2026-04-04,Chefsgodkand,165,Completed
584,73,Viktor Andersson,Systemutveckling,Konsult,1050.0,2026-03-15,Automatisk,165,Completed
585,17,Moa Svensson,Systemutveckling,Konsult,1050.0,2026-04-20,Efterhandsgodkand,165,Completed
586,78,Karl Gustafsson,Systemutveckling,Konsult,720.0,2026-04-20,Chefsgodkand,165,Completed
587,80,Anton Olsson,Systemutveckling,Senior,1650.0,2026-05-07,Efterhandsgodkand,165,Completed
588,18,Karl Virtanen,Systemutveckling,Konsult,940.0,2026-02-28,Automatisk,166,Completed
589,31,Hans Gustafsson,Systemutveckling,Konsult,1050.0,2026-04-24,Kundgodkand,166,Completed
590,59,Erik Muller,Systemutveckling,Konsult,720.0,2026-02-16,Chefsgodkand,166,Completed
609,31,Hans Gustafsson,Systemutveckling,Konsult,940.0,2026-02-27,Chefsgodkand,172,Completed
39,32,Moa Kowalski,Dataanalys,Konsult,1180.0,2025-11-07,Chefsgodkand,12,Completed
40,81,Anton Schmidt,Dataanalys,Senior,1650.0,2025-11-24,Efterhandsgodkand,12,Completed
48,85,Amina Lindqvist,Dataanalys,Konsult,940.0,2026-03-01,Automatisk,15,Completed
49,6,Emma Larsson,Dataanalys,Konsult,1180.0,2025-11-20,Kundgodkand,15,Completed
50,41,Oskar Haugen,Dataanalys,Konsult,850.0,2026-02-16,Efterhandsgodkand,15,Completed
51,44,Oskar Haugen,Dataanalys,Konsult,850.0,2026-02-15,Chefsgodkand,15,Completed
52,19,Amina Dahl,Dataanalys,Konsult,1050.0,2025-12-19,Efterhandsgodkand,15,Completed
64,40,Anna Lund,Dataanalys,Konsult,940.0,2025-12-05,Chefsgodkand,19,Extended
65,65,Ida Andersson,Dataanalys,Konsult,1180.0,2026-03-20,Efterhandsgodkand,19,Extended
66,2,Omar Berg,Dataanalys,Konsult,1050.0,2026-01-13,Chefsgodkand,19,Extended
67,89,Juha Backman,Dataanalys,Konsult,1050.0,2025-11-13,Kundgodkand,19,Extended
68,82,Lena Haddad,Dataanalys,Konsult,1050.0,2026-02-07,Efterhandsgodkand,19,Extended
69,73,Viktor Andersson,Dataanalys,Konsult,1050.0,2025-12-27,Chefsgodkand,19,Extended
76,53,Erik Persson,Dataanalys,Senior,1890.0,2026-03-07,Automatisk,22,Completed
77,60,Signe Haugen,Dataanalys,Konsult,720.0,2025-12-02,Kundgodkand,22,Completed
78,27,Omar Johansson,Dataanalys,Konsult,1050.0,2025-11-15,Chefsgodkand,22,Completed
87,7,Ove Haugen,Dataanalys,Konsult,1050.0,2025-12-17,Chefsgodkand,25,Extended
88,71,Johan Jensen,Dataanalys,Konsult,1180.0,2026-01-19,Kundgodkand,25,Extended
89,8,Ali Eriksson,Dataanalys,Konsult,1180.0,2025-12-22,,25,Extended
90,40,Anna Lund,Dataanalys,Konsult,1050.0,2026-03-10,,25,Extended
91,34,Juha Gustafsson,Dataanalys,Konsult,1180.0,2026-01-15,Kundgodkand,25,Extended
92,21,Anna Korhonen,Dataanalys,Konsult,1180.0,2025-11-13,Kundgodkand,25,Extended
110,35,Amina Larsson,Dataanalys,Konsult,850.0,2025-11-23,Kundgodkand,30,Completed
111,70,Anton Korhonen,Dataanalys,Konsult,940.0,2026-01-07,Chefsgodkand,30,Completed
112,49,Anna Virtanen,Dataanalys,Konsult,720.0,2026-01-30,Chefsgodkand,30,Completed
113,47,Ali Makinen,Dataanalys,Konsult,720.0,2025-11-20,Automatisk,30,Completed
155,16,Elin Schmidt,Dataanalys,Konsult,720.0,2026-02-23,Efterhandsgodkand,42,Completed
156,65,Ida Andersson,Dataanalys,Konsult,850.0,2026-03-15,Kundgodkand,42,Completed
164,32,Moa Kowalski,Dataanalys,Konsult,1050.0,2025-12-30,Kundgodkand,45,Completed
165,75,Ida Svensson,Dataanalys,Konsult,850.0,2026-02-25,Efterhandsgodkand,45,Completed
166,35,Amina Larsson,Dataanalys,Senior,2200.0,2025-12-21,Chefsgodkand,45,Completed
167,60,Signe Haugen,Dataanalys,Senior,1650.0,2026-03-15,Chefsgodkand,45,Completed
168,76,Nils Novak,Dataanalys,Konsult,1180.0,2025-12-12,Kundgodkand,45,Completed
180,25,Maria Virtanen,Dataanalys,Konsult,850.0,2026-01-31,Automatisk,49,Completed
258,53,Erik Persson,Dataanalys,Konsult,720.0,2026-03-12,Automatisk,71,Extended
259,33,Moa Haugen,Dataanalys,Konsult,940.0,2026-03-09,Automatisk,71,Extended
260,41,Oskar Haugen,Dataanalys,Senior,1650.0,2026-03-01,Kundgodkand,71,Extended
261,46,Sara Jensen,Dataanalys,Konsult,720.0,2026-03-11,Kundgodkand,72,Completed
262,61,Vera Johansson,Dataanalys,Konsult,1050.0,2025-12-11,Kundgodkand,72,Completed
263,77,Ingrid Svensson,Dataanalys,Senior,1890.0,2026-03-01,Efterhandsgodkand,72,Completed
264,49,Anna Virtanen,Dataanalys,Senior,2200.0,2026-02-23,Chefsgodkand,72,Completed
270,37,Ingrid Andersson,Dataanalys,Konsult,1180.0,2026-01-22,Chefsgodkand,74,Completed
273,7,Ove Haugen,Dataanalys,Konsult,720.0,2026-03-07,Efterhandsgodkand,76,Completed
274,27,Omar Johansson,Dataanalys,Konsult,1050.0,2026-03-11,Chefsgodkand,76,Completed
275,76,Nils Novak,Dataanalys,Konsult,720.0,2026-01-26,Kundgodkand,76,Completed
276,84,Oskar Schmidt,Dataanalys,Konsult,850.0,2026-03-27,Efterhandsgodkand,77,Completed
277,87,Sofia Korhonen,Dataanalys,Konsult,720.0,2026-03-24,Automatisk,77,Completed
278,15,Anton Johansson,Dataanalys,Konsult,940.0,2026-02-25,Efterhandsgodkand,77,Completed
279,70,Anton Korhonen,Dataanalys,Konsult,720.0,2026-03-19,Chefsgodkand,77,Completed
280,88,Filip Lindqvist,Dataanalys,Konsult,1050.0,2025-12-25,Chefsgodkand,77,Completed
281,43,Anna Berg,Dataanalys,Senior,2200.0,2025-12-22,Automatisk,77,Completed
286,12,Omar Lindqvist,Dataanalys,Senior,2200.0,2025-12-14,Efterhandsgodkand,79,Completed
288,47,Ali Makinen,Dataanalys,Konsult,1050.0,2026-01-10,Automatisk,81,Completed
289,14,Sara Gustafsson,Dataanalys,Senior,1890.0,2026-03-03,Chefsgodkand,81,Completed
295,29,Signe Schmidt,Dataanalys,Konsult,1180.0,2026-04-01,Kundgodkand,83,Completed
296,3,Henrik Lindqvist,Dataanalys,Konsult,1180.0,2026-04-11,Kundgodkand,83,Completed
310,78,Karl Gustafsson,Dataanalys,Konsult,720.0,2026-02-05,Chefsgodkand,89,Completed
311,18,Karl Virtanen,Dataanalys,Konsult,850.0,2026-02-27,Chefsgodkand,89,Completed
312,33,Moa Haugen,Dataanalys,Konsult,1050.0,2026-01-30,,89,Completed
313,71,Johan Jensen,Dataanalys,Senior,2200.0,2026-02-02,Automatisk,89,Completed
329,55,Sofia Haddad,Dataanalys,Senior,1650.0,2026-04-06,Chefsgodkand,94,Completed
330,56,Signe Lund,Dataanalys,Konsult,1180.0,2026-02-17,Automatisk,94,Completed
331,55,Sofia Haddad,Dataanalys,Konsult,1050.0,2025-12-23,Efterhandsgodkand,94,Completed
332,78,Karl Gustafsson,Dataanalys,Konsult,850.0,2026-01-27,Efterhandsgodkand,94,Completed
333,69,Karl Persson,Dataanalys,Konsult,1050.0,2026-04-12,Chefsgodkand,94,Completed
334,13,Viktor Muller,Dataanalys,Konsult,940.0,2026-02-08,Kundgodkand,94,Completed
349,54,Anna Karlsson,Dataanalys,Konsult,940.0,2026-02-03,Automatisk,99,Extended
350,16,Elin Schmidt,Dataanalys,Konsult,1050.0,2026-01-10,Chefsgodkand,99,Extended
351,38,Omar Rossi,Dataanalys,Konsult,1050.0,2026-01-25,Efterhandsgodkand,99,Extended
385,4,Omar Nilsson,Dataanalys,Konsult,720.0,2026-04-10,Chefsgodkand,109,Completed
386,30,Nora Nielsen,Dataanalys,Senior,2200.0,2026-01-17,Kundgodkand,109,Completed
387,52,Sofia Persson,Dataanalys,Konsult,850.0,2026-04-25,Chefsgodkand,109,Completed
388,8,Ali Eriksson,Dataanalys,Konsult,1180.0,2026-03-20,Automatisk,109,Completed
407,47,Ali Makinen,Dataanalys,Konsult,940.0,2026-01-27,Chefsgodkand,116,Completed
408,36,Viktor Rossi,Dataanalys,Konsult,850.0,2026-03-24,Chefsgodkand,116,Completed
409,5,Maria Jensen,Dataanalys,Senior,1890.0,2026-01-29,Efterhandsgodkand,116,Completed
410,52,Sofia Persson,Dataanalys,Konsult,1050.0,2026-04-01,Efterhandsgodkand,116,Completed
411,15,Anton Johansson,Dataanalys,Konsult,850.0,2026-04-04,Automatisk,116,Completed
428,88,Filip Lindqvist,Dataanalys,Konsult,940.0,2026-01-11,Chefsgodkand,122,Completed
429,59,Erik Muller,Dataanalys,Senior,1890.0,2026-02-15,Automatisk,122,Completed
430,85,Amina Lindqvist,Dataanalys,Konsult,940.0,2026-01-30,Automatisk,122,Completed
463,25,Maria Virtanen,Dataanalys,Konsult,940.0,2026-01-30,Chefsgodkand,134,Completed
464,84,Oskar Schmidt,Dataanalys,Konsult,940.0,2026-02-13,Chefsgodkand,134,Completed
465,23,Johan Korhonen,Dataanalys,Senior,1650.0,2026-02-20,Automatisk,134,Completed
466,58,Filip Berg,Dataanalys,Senior,1650.0,2026-02-26,Chefsgodkand,134,Completed
467,61,Vera Johansson,Dataanalys,Senior,1650.0,2026-03-30,Kundgodkand,134,Completed
468,42,Lena Svensson,Dataanalys,Konsult,720.0,2026-03-14,Kundgodkand,134,Completed
476,2,Omar Berg,Dataanalys,Konsult,1180.0,2026-03-17,Efterhandsgodkand,139,Completed
477,81,Anton Schmidt,Dataanalys,Konsult,1050.0,2026-02-15,Kundgodkand,139,Completed
478,90,Juha Rossi,Dataanalys,Senior,1650.0,2026-03-26,Efterhandsgodkand,139,Completed
479,48,Omar Berg,Dataanalys,Konsult,940.0,2026-03-31,Chefsgodkand,139,Completed
480,66,Signe Svensson,Dataanalys,Konsult,1050.0,2026-02-10,Automatisk,139,Completed
481,66,Signe Svensson,Dataanalys,Konsult,1050.0,2026-04-13,Automatisk,140,Completed
482,5,Maria Jensen,Dataanalys,Konsult,940.0,2026-04-14,Efterhandsgodkand,140,Completed
483,90,Juha Rossi,Dataanalys,Konsult,850.0,2026-01-16,Automatisk,140,Completed
484,38,Omar Rossi,Dataanalys,Konsult,940.0,2026-02-02,Automatisk,140,Completed
485,62,Lena Makinen,Dataanalys,Konsult,720.0,2026-01-15,Chefsgodkand,140,Completed
486,44,Oskar Haugen,Dataanalys,Konsult,720.0,2026-02-16,,140,Completed
610,87,Sofia Korhonen,Dataanalys,Konsult,940.0,2026-04-14,Efterhandsgodkand,140,Completed
488,58,Filip Berg,Dataanalys,Konsult,850.0,2026-05-07,Automatisk,142,Completed
489,2,Omar Berg,Dataanalys,Konsult,720.0,2026-04-18,Efterhandsgodkand,142,Completed
490,61,Vera Johansson,Dataanalys,Senior,1890.0,2026-05-02,Chefsgodkand,142,Completed
491,17,Moa Svensson,Dataanalys,Konsult,1180.0,2026-03-25,Chefsgodkand,142,Completed
492,9,Vera Kowalski,Dataanalys,Konsult,940.0,2026-01-29,Kundgodkand,142,Completed
493,27,Omar Johansson,Dataanalys,Konsult,940.0,2026-04-03,Chefsgodkand,142,Completed
530,89,Juha Backman,Dataanalys,Senior,1650.0,2026-02-25,Kundgodkand,152,Completed
531,82,Lena Haddad,Dataanalys,Konsult,1050.0,2026-04-05,Efterhandsgodkand,152,Completed
532,12,Omar Lindqvist,Dataanalys,Konsult,1180.0,2026-05-12,Kundgodkand,152,Completed
533,5,Maria Jensen,Dataanalys,Konsult,1180.0,2026-01-29,Efterhandsgodkand,152,Completed
534,74,Anna Jensen,Dataanalys,Konsult,1180.0,2026-03-25,Kundgodkand,152,Completed
549,9,Vera Kowalski,Dataanalys,Konsult,720.0,2026-04-28,Efterhandsgodkand,157,Completed
11,18,Karl Virtanen,Dataanalys,Konsult,850.0,2026-02-08,Chefsgodkand,5,Completed
25,49,Anna Virtanen,Dataanalys,Senior,1890.0,2025-12-05,Efterhandsgodkand,9,Extended
26,11,Erik Lindqvist,Dataanalys,Konsult,940.0,2026-02-05,Chefsgodkand,9,Extended
27,61,Vera Johansson,Dataanalys,Konsult,720.0,2025-11-20,Automatisk,9,Extended
34,36,Viktor Rossi,Dataanalys,Konsult,1050.0,2025-11-08,Chefsgodkand,11,Extended
35,15,Anton Johansson,Dataanalys,Konsult,850.0,2026-02-06,Efterhandsgodkand,11,Extended
36,17,Moa Svensson,Dataanalys,Konsult,720.0,2026-01-17,Efterhandsgodkand,11,Extended
37,22,Mette Svensson,Dataanalys,Senior,2200.0,2025-11-24,Chefsgodkand,11,Extended
38,17,Moa Svensson,Dataanalys,Konsult,940.0,2025-11-26,Kundgodkand,11,Extended
41,53,Erik Persson,Dataanalys,Senior,1890.0,2026-02-12,Kundgodkand,13,Extended
42,84,Oskar Schmidt,Dataanalys,Konsult,1050.0,2026-01-29,Efterhandsgodkand,13,Extended
43,48,Omar Berg,Dataanalys,Konsult,1180.0,2025-11-22,Kundgodkand,14,Completed
44,42,Lena Svensson,Dataanalys,Konsult,1050.0,2026-03-02,Efterhandsgodkand,14,Completed
45,24,Hans Dahl,Dataanalys,Konsult,720.0,2026-02-26,Kundgodkand,14,Completed
46,37,Ingrid Andersson,Dataanalys,Senior,1890.0,2026-01-08,Automatisk,14,Completed
47,17,Moa Svensson,Dataanalys,Senior,1650.0,2026-01-10,Chefsgodkand,14,Completed
58,34,Juha Gustafsson,Dataanalys,Konsult,1180.0,2025-12-28,Kundgodkand,17,Completed
97,65,Ida Andersson,Dataanalys,Senior,1890.0,2026-01-15,Chefsgodkand,27,Completed
98,52,Sofia Persson,Dataanalys,Konsult,1180.0,2025-11-22,Efterhandsgodkand,27,Completed
612,89,Juha Backman,Dataanalys,Senior,1890.0,2026-01-15,Efterhandsgodkand,27,Completed
129,80,Anton Olsson,Dataanalys,Senior,2200.0,2026-01-09,Efterhandsgodkand,34,Completed
130,40,Anna Lund,Dataanalys,Konsult,1180.0,2025-12-19,Kundgodkand,34,Completed
131,67,Hans Larsson,Dataanalys,Konsult,850.0,2025-12-22,Chefsgodkand,34,Completed
157,14,Sara Gustafsson,Dataanalys,Konsult,720.0,2026-02-26,Efterhandsgodkand,43,Completed
158,81,Anton Schmidt,Dataanalys,Konsult,720.0,2026-02-08,Chefsgodkand,43,Completed
159,53,Erik Persson,Dataanalys,Konsult,1180.0,2026-03-20,Chefsgodkand,43,Completed
176,31,Hans Gustafsson,Dataanalys,Senior,1650.0,2025-12-04,Efterhandsgodkand,48,Completed
177,29,Signe Schmidt,Dataanalys,Senior,1890.0,2026-01-08,Automatisk,48,Completed
178,49,Anna Virtanen,Dataanalys,Konsult,1050.0,2025-12-19,,48,Completed
179,37,Ingrid Andersson,Dataanalys,Konsult,720.0,2026-02-28,Chefsgodkand,48,Completed
187,62,Lena Makinen,Dataanalys,Konsult,1050.0,2025-12-03,Kundgodkand,51,Extended
188,90,Juha Rossi,Dataanalys,Konsult,850.0,2025-12-14,Efterhandsgodkand,51,Extended
189,78,Karl Gustafsson,Dataanalys,Konsult,850.0,2026-02-25,Automatisk,51,Extended
190,62,Lena Makinen,Dataanalys,Konsult,1050.0,2026-01-15,Kundgodkand,52,Completed
191,20,Hans Ahmed,Dataanalys,Konsult,1180.0,2026-03-01,Chefsgodkand,52,Completed
192,53,Erik Persson,Dataanalys,Konsult,720.0,2026-01-05,Kundgodkand,52,Completed
193,46,Sara Jensen,Dataanalys,Konsult,850.0,2026-01-05,Chefsgodkand,52,Completed
234,61,Vera Johansson,Dataanalys,Konsult,1180.0,2025-12-16,Automatisk,65,Completed
235,39,Ali Gustafsson,Dataanalys,Konsult,720.0,2026-03-15,Kundgodkand,65,Completed
236,23,Johan Korhonen,Dataanalys,Konsult,940.0,2026-01-21,Efterhandsgodkand,65,Completed
253,30,Nora Nielsen,Dataanalys,Konsult,,2026-02-18,Automatisk,70,Completed
254,38,Omar Rossi,Dataanalys,Senior,2200.0,2025-12-24,Kundgodkand,70,Completed
255,77,Ingrid Svensson,Dataanalys,Konsult,1050.0,2026-03-28,Chefsgodkand,70,Completed
256,48,Omar Berg,Dataanalys,Konsult,850.0,2025-12-13,Chefsgodkand,70,Completed
257,22,Mette Svensson,Dataanalys,Konsult,720.0,2026-03-14,Efterhandsgodkand,70,Completed
282,49,Anna Virtanen,Dataanalys,Senior,1650.0,2025-12-26,Automatisk,78,Completed
283,11,Erik Lindqvist,Dataanalys,Konsult,1180.0,2026-01-07,Kundgodkand,78,Completed
284,45,Erik Schmidt,Dataanalys,Konsult,850.0,2025-12-25,Efterhandsgodkand,78,Completed
285,73,Viktor Andersson,Dataanalys,Konsult,850.0,2025-12-27,Efterhandsgodkand,78,Completed
287,65,Ida Andersson,Dataanalys,Senior,1890.0,2026-02-01,Kundgodkand,80,Completed
301,16,Elin Schmidt,Dataanalys,Konsult,1050.0,2026-04-09,Kundgodkand,85,Cancelled
302,8,Ali Eriksson,Dataanalys,Konsult,1180.0,2026-01-01,Chefsgodkand,85,Cancelled
303,34,Juha Gustafsson,Dataanalys,Konsult,1180.0,2026-01-24,,85,Cancelled
615,9,Vera Kowalski,Dataanalys,Konsult,1180.0,2026-01-24,Kundgodkand,85,Cancelled
304,27,Omar Johansson,Dataanalys,Konsult,720.0,2026-03-28,Chefsgodkand,86,Completed
305,31,Hans Gustafsson,Dataanalys,Konsult,720.0,2026-04-03,Efterhandsgodkand,86,Completed
306,51,Anna Andersson,Dataanalys,Konsult,1180.0,2025-12-23,Chefsgodkand,86,Completed
319,3,Henrik Lindqvist,Dataanalys,Senior,1890.0,2026-03-09,Automatisk,92,Completed
320,32,Moa Kowalski,Dataanalys,Konsult,1180.0,2026-02-26,Efterhandsgodkand,92,Completed
321,60,Signe Haugen,Dataanalys,Senior,1890.0,2026-01-31,Efterhandsgodkand,92,Completed
322,79,Lars Karlsson,Dataanalys,Konsult,940.0,2026-04-13,Chefsgodkand,92,Completed
323,49,Anna Virtanen,Dataanalys,Konsult,1050.0,2026-03-29,Chefsgodkand,92,Completed
335,69,Karl Persson,Dataanalys,Konsult,850.0,2026-02-13,Chefsgodkand,95,Completed
336,80,Anton Olsson,Dataanalys,Konsult,940.0,2026-01-30,Kundgodkand,95,Completed
337,53,Erik Persson,Dataanalys,Konsult,1180.0,2026-01-13,Automatisk,95,Completed
338,31,Hans Gustafsson,Dataanalys,Konsult,720.0,2026-02-12,Kundgodkand,95,Completed
339,67,Hans Larsson,Dataanalys,Konsult,940.0,2026-01-21,Kundgodkand,95,Completed
348,55,Sofia Haddad,Dataanalys,Konsult,940.0,2026-01-01,Chefsgodkand,98,Completed
352,65,Ida Andersson,Dataanalys,Senior,2200.0,2026-01-10,Automatisk,100,Extended
353,40,Anna Lund,Dataanalys,Senior,1890.0,2026-04-24,Chefsgodkand,100,Extended
354,30,Nora Nielsen,Dataanalys,Konsult,850.0,2026-03-23,Automatisk,100,Extended
355,64,Johan Gustafsson,Dataanalys,Konsult,1050.0,2026-02-11,Automatisk,100,Extended
389,78,Karl Gustafsson,Dataanalys,Konsult,1050.0,2026-01-26,Chefsgodkand,110,Completed
390,45,Erik Schmidt,Dataanalys,Konsult,1050.0,2026-01-31,Efterhandsgodkand,110,Completed
391,25,Maria Virtanen,Dataanalys,Konsult,720.0,2026-02-21,Chefsgodkand,110,Completed
392,57,Samir Haugen,Dataanalys,Konsult,850.0,2026-01-01,Chefsgodkand,110,Completed
393,41,Oskar Haugen,Dataanalys,Senior,1890.0,2026-03-02,Chefsgodkand,110,Completed
395,50,Mette Eriksson,Dataanalys,Konsult,940.0,2026-03-24,Automatisk,112,Completed
396,35,Amina Larsson,Dataanalys,Konsult,940.0,2026-01-09,Kundgodkand,112,Completed
416,64,Johan Gustafsson,Dataanalys,Konsult,720.0,2026-01-28,Kundgodkand,118,Completed
417,22,Mette Svensson,Dataanalys,Konsult,720.0,2026-01-12,Chefsgodkand,118,Completed
418,6,Emma Larsson,Dataanalys,Senior,2200.0,2026-04-19,Automatisk,118,Completed
419,46,Sara Jensen,Dataanalys,Konsult,850.0,2026-01-06,Efterhandsgodkand,118,Completed
431,77,Ingrid Svensson,Dataanalys,Konsult,720.0,2026-03-19,Automatisk,123,Completed
437,62,Lena Makinen,Dataanalys,Konsult,1050.0,2026-01-13,Chefsgodkand,126,Completed
438,77,Ingrid Svensson,Dataanalys,Konsult,720.0,2026-04-10,Automatisk,126,Completed
439,41,Oskar Haugen,Dataanalys,Konsult,940.0,2026-04-20,Chefsgodkand,126,Completed
440,60,Signe Haugen,Dataanalys,Senior,1890.0,2026-04-28,Efterhandsgodkand,126,Completed
441,29,Signe Schmidt,Dataanalys,Senior,2200.0,2026-04-24,Chefsgodkand,127,Extended
442,4,Omar Nilsson,Dataanalys,Senior,1650.0,2026-02-19,Automatisk,127,Extended
443,22,Mette Svensson,Dataanalys,Konsult,940.0,2026-03-05,Chefsgodkand,127,Extended
448,64,Johan Gustafsson,Dataanalys,Konsult,850.0,2026-02-07,Chefsgodkand,130,Completed
449,14,Sara Gustafsson,Dataanalys,Konsult,940.0,2026-03-28,Kundgodkand,130,Completed
450,19,Amina Dahl,Dataanalys,Konsult,,2026-04-09,Chefsgodkand,130,Completed
451,15,Anton Johansson,Dataanalys,Konsult,940.0,2026-04-21,Automatisk,130,Completed
452,48,Omar Berg,Dataanalys,Konsult,1180.0,2026-03-29,Chefsgodkand,130,Completed
453,89,Juha Backman,Dataanalys,Konsult,1050.0,2026-02-28,Efterhandsgodkand,131,Extended
454,15,Anton Johansson,Dataanalys,Konsult,720.0,2026-03-26,Kundgodkand,131,Extended
455,88,Filip Lindqvist,Dataanalys,Konsult,1050.0,2026-03-01,Kundgodkand,131,Extended
456,41,Oskar Haugen,Dataanalys,Konsult,1050.0,2026-04-03,,131,Extended
458,56,Signe Lund,Dataanalys,Konsult,720.0,2026-05-20,Chefsgodkand,133,Completed
459,85,Amina Lindqvist,Dataanalys,Konsult,1180.0,2026-01-09,Chefsgodkand,133,Completed
460,17,Moa Svensson,Dataanalys,Konsult,1180.0,2026-01-09,Efterhandsgodkand,133,Completed
461,44,Oskar Haugen,Dataanalys,Senior,1650.0,2026-03-16,Chefsgodkand,133,Completed
462,24,Hans Dahl,Dataanalys,Konsult,1050.0,2026-05-04,Automatisk,133,Completed
469,23,Johan Korhonen,Dataanalys,Senior,2200.0,2026-02-01,Efterhandsgodkand,135,Completed
494,65,Ida Andersson,Dataanalys,Senior,1890.0,2026-02-13,Efterhandsgodkand,143,Completed
495,19,Amina Dahl,Dataanalys,Senior,1890.0,2026-02-16,Efterhandsgodkand,143,Completed
496,59,Erik Muller,Dataanalys,Konsult,1180.0,2026-02-25,Chefsgodkand,143,Completed
497,22,Mette Svensson,Dataanalys,Konsult,940.0,2026-01-21,Automatisk,143,Completed
498,67,Hans Larsson,Dataanalys,Konsult,1180.0,2026-04-18,Automatisk,143,Completed
499,37,Ingrid Andersson,Dataanalys,Konsult,720.0,2026-04-28,Kundgodkand,143,Completed
500,83,Lena Berg,Dataanalys,Konsult,1180.0,2026-04-14,Efterhandsgodkand,144,Completed
501,75,Ida Svensson,Dataanalys,Konsult,720.0,2026-02-15,Chefsgodkand,144,Completed
502,11,Erik Lindqvist,Dataanalys,Konsult,1180.0,2026-04-03,Efterhandsgodkand,144,Completed
503,59,Erik Muller,Dataanalys,Konsult,720.0,2026-05-05,Efterhandsgodkand,145,Completed
504,18,Karl Virtanen,Dataanalys,Konsult,1050.0,2026-05-03,Chefsgodkand,145,Completed
505,64,Johan Gustafsson,Dataanalys,Konsult,1180.0,2026-02-26,Kundgodkand,145,Completed
506,19,Amina Dahl,Dataanalys,Konsult,1180.0,2026-03-29,Kundgodkand,145,Completed
507,48,Omar Berg,Dataanalys,Senior,1890.0,2026-02-01,Kundgodkand,145,Completed
514,75,Ida Svensson,Dataanalys,Konsult,850.0,2026-03-28,Chefsgodkand,149,Completed
515,63,Ingrid Haddad,Dataanalys,Senior,1890.0,2026-04-02,Chefsgodkand,149,Completed
516,2,Omar Berg,Dataanalys,Konsult,1180.0,2026-01-30,Chefsgodkand,149,Completed
517,28,Hans Haddad,Dataanalys,Konsult,1050.0,2026-04-07,Kundgodkand,149,Completed
518,66,Signe Svensson,Dataanalys,Konsult,1180.0,2026-03-20,Chefsgodkand,149,Completed
565,57,Samir Haugen,Dataanalys,Konsult,850.0,2026-03-23,Automatisk,161,Completed
566,61,Vera Johansson,Dataanalys,Konsult,720.0,2026-04-29,Chefsgodkand,162,Completed
567,33,Moa Haugen,Dataanalys,Konsult,850.0,2026-03-25,Chefsgodkand,162,Completed
568,36,Viktor Rossi,Dataanalys,Senior,2200.0,2026-02-01,Efterhandsgodkand,162,Completed
569,62,Lena Makinen,Dataanalys,Konsult,850.0,2026-02-26,Automatisk,162,Completed
570,77,Ingrid Svensson,Dataanalys,Konsult,940.0,2026-02-03,Chefsgodkand,162,Completed
571,83,Lena Berg,Dataanalys,Konsult,940.0,2026-02-28,Kundgodkand,162,Completed
591,48,Omar Berg,Dataanalys,Senior,2200.0,2026-03-27,Chefsgodkand,167,Completed
592,33,Moa Haugen,Dataanalys,Senior,1890.0,2026-02-18,Efterhandsgodkand,167,Completed
599,18,Karl Virtanen,Dataanalys,Konsult,1180.0,2026-04-02,Efterhandsgodkand,169,Extended
600,32,Moa Kowalski,Dataanalys,Konsult,720.0,2026-01-29,Chefsgodkand,169,Extended
601,51,Anna Andersson,Dataanalys,Konsult,1050.0,2026-02-06,Kundgodkand,169,Extended
3,53,Erik Persson,Infrastruktur,Konsult,850.0,2025-12-30,,2,Completed
4,29,Signe Schmidt,Infrastruktur,Senior,1890.0,2025-11-05,Automatisk,2,Completed
5,46,Sara Jensen,Infrastruktur,Konsult,1180.0,2025-11-07,Automatisk,2,Completed
6,12,Omar Lindqvist,Infrastruktur,Konsult,1180.0,2025-12-17,Efterhandsgodkand,2,Completed
7,74,Anna Jensen,Infrastruktur,Konsult,720.0,2026-02-20,Automatisk,2,Completed
8,54,Anna Karlsson,Infrastruktur,Konsult,940.0,2025-11-21,Efterhandsgodkand,2,Completed
21,60,Signe Haugen,Infrastruktur,Konsult,1050.0,2025-11-05,Chefsgodkand,8,Cancelled
22,26,Alva Gustafsson,Infrastruktur,Konsult,940.0,2025-11-05,Automatisk,8,Cancelled
23,83,Lena Berg,Infrastruktur,Konsult,850.0,2025-12-08,Efterhandsgodkand,8,Cancelled
24,62,Lena Makinen,Infrastruktur,Konsult,850.0,2025-12-31,Chefsgodkand,8,Cancelled
59,1,Signe Vries,Infrastruktur,Konsult,720.0,2025-12-22,,18,Cancelled
60,9,Vera Kowalski,Infrastruktur,Konsult,850.0,2025-11-15,Efterhandsgodkand,18,Cancelled
61,79,Lars Karlsson,Infrastruktur,Konsult,1180.0,2026-02-17,Automatisk,18,Cancelled
62,43,Anna Berg,Infrastruktur,Konsult,850.0,2026-03-05,Kundgodkand,18,Cancelled
63,66,Signe Svensson,Infrastruktur,Konsult,940.0,2025-12-30,Kundgodkand,18,Cancelled
79,36,Viktor Rossi,Infrastruktur,Konsult,1180.0,2026-01-01,Chefsgodkand,23,Extended
80,36,Viktor Rossi,Infrastruktur,Konsult,1050.0,2026-02-01,Automatisk,23,Extended
81,7,Ove Haugen,Infrastruktur,Konsult,940.0,2025-11-14,Kundgodkand,23,Extended
82,4,Omar Nilsson,Infrastruktur,Konsult,850.0,2026-02-25,Kundgodkand,23,Extended
83,6,Emma Larsson,Infrastruktur,Senior,2200.0,2025-11-15,Efterhandsgodkand,23,Extended
114,28,Hans Haddad,Infrastruktur,Senior,1650.0,2025-12-25,Chefsgodkand,31,Completed
115,1,Signe Vries,Infrastruktur,Konsult,1050.0,2025-12-21,Kundgodkand,31,Completed
116,83,Lena Berg,Infrastruktur,Senior,1890.0,2026-01-08,Chefsgodkand,31,Completed
117,28,Hans Haddad,Infrastruktur,Konsult,1050.0,2025-12-13,Efterhandsgodkand,31,Completed
118,64,Johan Gustafsson,Infrastruktur,Konsult,1050.0,2026-02-27,Chefsgodkand,32,Completed
119,90,Juha Rossi,Infrastruktur,Konsult,850.0,2026-02-13,Automatisk,32,Completed
120,18,Karl Virtanen,Infrastruktur,Konsult,1050.0,2026-03-01,Kundgodkand,32,Completed
121,28,Hans Haddad,Infrastruktur,Senior,2200.0,2026-02-05,Efterhandsgodkand,32,Completed
122,51,Anna Andersson,Infrastruktur,Konsult,850.0,2026-02-26,Kundgodkand,32,Completed
144,32,Moa Kowalski,Infrastruktur,Konsult,720.0,2026-02-08,Kundgodkand,38,Completed
145,26,Alva Gustafsson,Infrastruktur,Konsult,940.0,2026-04-02,Kundgodkand,38,Completed
146,80,Anton Olsson,Infrastruktur,Konsult,940.0,2025-12-10,Kundgodkand,38,Completed
147,34,Juha Gustafsson,Infrastruktur,Konsult,850.0,2026-03-07,Automatisk,39,Extended
181,19,Amina Dahl,Infrastruktur,Senior,1650.0,2026-01-06,Automatisk,50,Completed
182,78,Karl Gustafsson,Infrastruktur,Konsult,940.0,2026-01-23,Efterhandsgodkand,50,Completed
183,66,Signe Svensson,Infrastruktur,Konsult,850.0,2025-12-07,Efterhandsgodkand,50,Completed
184,83,Lena Berg,Infrastruktur,Konsult,850.0,2026-03-23,Efterhandsgodkand,50,Completed
185,90,Juha Rossi,Infrastruktur,Konsult,940.0,2026-03-12,Automatisk,50,Completed
186,4,Omar Nilsson,Infrastruktur,Konsult,1180.0,2026-02-08,Automatisk,50,Completed
208,53,Erik Persson,Infrastruktur,Senior,1890.0,2026-01-15,Kundgodkand,56,Completed
209,37,Ingrid Andersson,Infrastruktur,Konsult,1180.0,2026-03-28,Kundgodkand,56,Completed
210,62,Lena Makinen,Infrastruktur,Konsult,1050.0,2026-01-31,Kundgodkand,56,Completed
211,68,Tuva Vries,Infrastruktur,Konsult,1180.0,2026-01-24,Kundgodkand,56,Completed
212,58,Filip Berg,Infrastruktur,Konsult,850.0,2026-01-20,Kundgodkand,56,Completed
224,73,Viktor Andersson,Infrastruktur,Konsult,1050.0,2025-12-03,,62,Completed
225,13,Viktor Muller,Infrastruktur,Senior,2200.0,2026-04-14,Efterhandsgodkand,62,Completed
226,28,Hans Haddad,Infrastruktur,Senior,1890.0,2026-02-09,Automatisk,62,Completed
227,77,Ingrid Svensson,Infrastruktur,Konsult,720.0,2026-02-17,Efterhandsgodkand,62,Completed
228,27,Omar Johansson,Infrastruktur,Konsult,850.0,2026-03-23,Automatisk,62,Completed
271,6,Emma Larsson,Infrastruktur,Konsult,720.0,2026-04-04,Automatisk,75,Completed
272,56,Signe Lund,Infrastruktur,Konsult,940.0,2026-02-03,Chefsgodkand,75,Completed
307,36,Viktor Rossi,Infrastruktur,Konsult,1050.0,2026-02-05,Efterhandsgodkand,87,Completed
308,59,Erik Muller,Infrastruktur,Konsult,720.0,2025-12-17,Efterhandsgodkand,87,Completed
309,43,Anna Berg,Infrastruktur,Konsult,1050.0,2026-02-08,Efterhandsgodkand,88,Completed
345,70,Anton Korhonen,Infrastruktur,Konsult,720.0,2025-12-24,Efterhandsgodkand,97,Completed
346,43,Anna Berg,Infrastruktur,Senior,1650.0,2026-03-14,Automatisk,97,Completed
347,88,Filip Lindqvist,Infrastruktur,Konsult,940.0,2026-04-06,Chefsgodkand,97,Completed
356,11,Erik Lindqvist,Infrastruktur,Konsult,850.0,2026-04-09,Automatisk,101,Completed
357,37,Ingrid Andersson,Infrastruktur,Senior,1890.0,2026-01-01,Chefsgodkand,101,Completed
358,22,Mette Svensson,Infrastruktur,Konsult,720.0,2026-04-18,Automatisk,101,Completed
359,32,Moa Kowalski,Infrastruktur,Senior,1650.0,2026-02-20,Chefsgodkand,101,Completed
360,46,Sara Jensen,Infrastruktur,Konsult,940.0,2026-01-03,Automatisk,101,Completed
366,43,Anna Berg,Infrastruktur,Senior,1650.0,2026-04-02,Kundgodkand,104,Completed
367,43,Anna Berg,Infrastruktur,Senior,1890.0,2026-03-07,Kundgodkand,104,Completed
371,73,Viktor Andersson,Infrastruktur,Konsult,1180.0,2026-01-09,Automatisk,106,Extended
372,61,Vera Johansson,Infrastruktur,Konsult,940.0,2026-01-01,Efterhandsgodkand,106,Extended
373,8,Ali Eriksson,Infrastruktur,Konsult,1050.0,2026-02-23,Automatisk,106,Extended
374,6,Emma Larsson,Infrastruktur,Konsult,1050.0,2026-01-03,Kundgodkand,106,Extended
381,53,Erik Persson,Infrastruktur,Konsult,1180.0,2026-03-24,Chefsgodkand,108,Completed
382,83,Lena Berg,Infrastruktur,Konsult,850.0,2026-02-08,Chefsgodkand,108,Completed
383,28,Hans Haddad,Infrastruktur,Konsult,850.0,2026-02-19,Automatisk,108,Completed
384,49,Anna Virtanen,Infrastruktur,Senior,1890.0,2026-01-23,Automatisk,108,Completed
394,81,Anton Schmidt,Infrastruktur,Konsult,720.0,2026-02-03,Automatisk,111,Completed
403,34,Juha Gustafsson,Infrastruktur,Senior,2200.0,2026-04-06,Kundgodkand,114,Completed
404,66,Signe Svensson,Infrastruktur,Konsult,940.0,2026-02-28,Efterhandsgodkand,114,Completed
405,5,Maria Jensen,Infrastruktur,Konsult,720.0,2026-04-04,Automatisk,114,Completed
425,25,Maria Virtanen,Infrastruktur,Konsult,850.0,2026-02-21,Chefsgodkand,121,Completed
426,89,Juha Backman,Infrastruktur,Konsult,850.0,2026-04-11,Chefsgodkand,121,Completed
427,13,Viktor Muller,Infrastruktur,Konsult,720.0,2026-04-02,Kundgodkand,121,Completed
432,52,Sofia Persson,Infrastruktur,Konsult,940.0,2026-02-28,Efterhandsgodkand,124,Cancelled
433,33,Moa Haugen,Infrastruktur,Senior,1890.0,2026-02-08,Kundgodkand,124,Cancelled
434,86,Signe Nielsen,Infrastruktur,Konsult,850.0,2026-01-19,Automatisk,124,Cancelled
435,16,Elin Schmidt,Infrastruktur,Konsult,1180.0,2026-04-05,Automatisk,124,Cancelled
446,58,Filip Berg,Infrastruktur,Konsult,1180.0,2026-04-09,Chefsgodkand,129,Extended
447,44,Oskar Haugen,Infrastruktur,Senior,1650.0,2026-01-30,Automatisk,129,Extended
457,18,Karl Virtanen,Infrastruktur,Konsult,1050.0,2026-01-20,Efterhandsgodkand,132,Completed
474,31,Hans Gustafsson,Infrastruktur,Konsult,850.0,2026-04-05,Chefsgodkand,138,Completed
475,64,Johan Gustafsson,Infrastruktur,Konsult,940.0,2026-04-20,Kundgodkand,138,Completed
487,52,Sofia Persson,Infrastruktur,Konsult,1050.0,2026-04-13,Efterhandsgodkand,141,Completed
508,61,Vera Johansson,Infrastruktur,Konsult,940.0,2026-01-27,Efterhandsgodkand,146,Completed
509,43,Anna Berg,Infrastruktur,Konsult,850.0,2026-02-27,Automatisk,146,Completed
519,79,Lars Karlsson,Infrastruktur,Konsult,720.0,2026-05-13,Chefsgodkand,150,Extended
520,52,Sofia Persson,Infrastruktur,Konsult,1050.0,2026-05-04,Chefsgodkand,150,Extended
521,59,Erik Muller,Infrastruktur,Konsult,940.0,2026-04-11,Efterhandsgodkand,150,Extended
522,29,Signe Schmidt,Infrastruktur,Konsult,720.0,2026-03-01,Efterhandsgodkand,150,Extended
523,18,Karl Virtanen,Infrastruktur,Konsult,850.0,2026-02-22,Chefsgodkand,150,Extended
524,5,Maria Jensen,Infrastruktur,Konsult,1050.0,2026-04-15,Kundgodkand,150,Extended
550,15,Anton Johansson,Infrastruktur,Konsult,1050.0,2026-01-26,Chefsgodkand,158,Completed
551,64,Johan Gustafsson,Infrastruktur,Konsult,850.0,2026-03-06,Kundgodkand,158,Completed
552,73,Viktor Andersson,Infrastruktur,Konsult,940.0,2026-04-13,Kundgodkand,158,Completed
553,22,Mette Svensson,Infrastruktur,Konsult,1180.0,2026-03-10,Chefsgodkand,158,Completed
559,5,Maria Jensen,Infrastruktur,Senior,2200.0,2026-01-26,Efterhandsgodkand,160,Extended
560,37,Ingrid Andersson,Infrastruktur,Senior,2200.0,2026-03-28,Chefsgodkand,160,Extended
561,10,Kari Karlsson,Infrastruktur,Konsult,940.0,2026-04-13,Chefsgodkand,160,Extended
562,47,Ali Makinen,Infrastruktur,Konsult,720.0,2026-03-25,,160,Extended
563,58,Filip Berg,Infrastruktur,Konsult,1180.0,2026-02-09,Efterhandsgodkand,160,Extended
564,39,Ali Gustafsson,Infrastruktur,Senior,2200.0,2026-05-13,Efterhandsgodkand,160,Extended
577,87,Sofia Korhonen,Infrastruktur,Senior,2200.0,2026-03-13,Kundgodkand,164,Completed
578,6,Emma Larsson,Infrastruktur,Konsult,720.0,2026-04-15,Efterhandsgodkand,164,Completed
579,12,Omar Lindqvist,Infrastruktur,Konsult,1050.0,2026-02-04,Automatisk,164,Completed
580,73,Viktor Andersson,Infrastruktur,Konsult,1180.0,2026-04-13,,164,Completed
581,9,Vera Kowalski,Infrastruktur,Senior,2200.0,2026-02-22,Efterhandsgodkand,164,Completed
593,41,Oskar Haugen,Infrastruktur,Konsult,850.0,2026-04-30,Automatisk,168,Completed
594,58,Filip Berg,Infrastruktur,Senior,2200.0,2026-04-06,Chefsgodkand,168,Completed
595,87,Sofia Korhonen,Infrastruktur,Konsult,720.0,2026-01-24,Kundgodkand,168,Completed
596,56,Signe Lund,Infrastruktur,Senior,2200.0,2026-03-28,Kundgodkand,168,Completed
597,41,Oskar Haugen,Infrastruktur,Konsult,1180.0,2026-03-26,Efterhandsgodkand,168,Completed
598,23,Johan Korhonen,Infrastruktur,Konsult,940.0,2026-05-12,Automatisk,168,Completed
613,24,Hans Dahl,Infrastruktur,Konsult,720.0,2026-01-24,Efterhandsgodkand,168,Completed
